Workbook

Sheet THÁNG 12
A2: BẢNG CÔNG NỢ THÁNG 10
A3: CHI NHÁNH | C3: SỐ TIỀN | D3: ĐÃ CK/NGÀY | E3: CÔNG NỢ THÁNG
A4: BẾN TRE | B4: TUẦN 1/12 | C4: 3190000 | D4: R | E4: =SUM(C7) -> 15007500
B5: TUẦN 2/12 | C5: 29930000 | D5: R
B6: TUẦN 3/12 | C6: 7971000 | D6: R
B7: TUẦN 4/12 | C7: 15007500
A9: CÁI BÈ | B9: Tháng 11 | C9: =sum('THÁNG 11'!C9:C12) -> #REF! | D9: R | E9: =sum(C11:C13) -> 51366800
B10: Tuần 1/12 | C10: 9086800 | D10: R
B11: Tuần 2/12 | C11: 12206800
B12: Tuần 3/12 | C12: 11005000
B13: TUẦN 4/12 | C13: 28155000
A14: CAI LẬY | B14: Tuần 1/12 | C14: 9350000 | D14: R | E14: =sum(C15:C16) -> 15200000
B15: Tuần 3/12 | C15: 7600000
B16: TUẦN 4/12 | C16: 7600000
A18: TÂN AN | E18: =sum(C20:C22) -> 47440000
B20: Tuần 3/12 | C20: 25135000
B21: TUẦN 4/12 | C21: 22305000
A23: THỦ ĐỨC | B23: Tuần 1/12 | C23: 27240000 | E23: =sum(C23:C26) -> 50510000
B24: Tuần 3/12 | C24: 23270000 | J24: =H27
B25: TUẦN 4/12 | C25: 0
A27: THANH BÌNH | B27: TUẦN 1/12 | C27: 46099500 | D27: R | E27: =SUM(C29:C30) -> 60119000
B28: TUẦN 2/12 | C28: 45834000 | D28: R
B29: TUẦN 3/12 | C29: 31221500
B30: TUẦN 4/12 | C30: 28897500
B31: CÒN N31/12
A32: TÂN BÌNH | B32: Tháng 11 | C32: =SUM('THÁNG 11'!C36:C37) -> #REF! | D32: R | E32: =SUM(C34:C35) -> 20911000
B33: TUẦN 1/12 | C33: 26880000 | D33: R
B34: TUẦN 3/12 | C34: 10710500
B35: TUẦN 4/12 | C35: 10200500
A37: AN LONG | B37: Tháng 11 | C37: =sum('THÁNG 11'!C39:C40) -> #REF! | D37: R | E37: =SUM(C41) -> 40046000
B38: Tuần 1/12 | C38: 21007500 | D38: R
B39: Tuần 2/12 | C39: 22023400 | D39: R
B40: Tuần 3/12 | C40: 23120600 | D40: R
B41: TUẦN 4/12 | C41: 40046000
A42: BÚN ĐẬU | B42: Tháng 11 | C42: =sum('THÁNG 11'!C44:C48) -> #REF! | D42: R | E42: =sum(C43:C46) -> 32049000
B43: Tuần 1/12 | C43: 6661000
B44: Tuần 2/12 | C44: 6088000
B45: Tuần 3/12 | C45: 5878000
B46: TUẦN 4/12 | C46: 13422000
A49: HỒNG NGỰ | B49: Tuần 1/12 | C49: 87013400 | D49: R | E49: =SUM(C52) -> 98564100
B50: Tuần 2/12 | C50: 94288300 | D50: R
B51: Tuần 3/12 | C51: 86344300 | D51: R
B52: TUẦN 4/12 | C52: 98564100
B53: CÒN DUY NHẤT N30/12
A55: TÂN HỒNG | B55: Tháng 11 | C55: 569300 | E55: =SUM(C55:C59) -> 187980500
B56: Tuần 1/12 | C56: 31420900
B57: Tuần 2/12 | C57: 31539000
B58: Tuần 3/12 | C58: 35926500
B59: TUẦN 4/12 | C59: 88524800
A60: TAM NÔNG | B60: Tuần 1/12 | C60: 37295500 | D60: R | E60: =sum(C62:C63) -> 74256100
B61: Tuần 2/12 | C61: 29000000 | D61: R
B62: Tuần 3/12 | C62: 20000000
B63: TUẦN 4/12 | C63: 54256100
A65: LONG MỸ | B65: Tháng 11 | C65: 21688000 | E65: =SUM(C65:C68) -> 98826500
B66: Tuần 2/12 | C66: 40596500
B67: Tuần 3/12 | C67: 21007000
B68: TUẦN 4/12 | C68: 15535000
A71: NGÃ 5 - SÓC TRĂNG | B71: Tháng 11 | C71: 61210500 | E71: =sum(C71:C75) -> 202098000
B72: Tuần 1/12 | C72: 36985500
B73: Tuần 2/12 | C73: 32534000
B74: Tuần 3/12 | C74: 37739000
B75: TUẦN 4/12 | C75: 33629000
A77: SA ĐÉC | B77: Tháng 11 | C77: 32500000 | D77: R | E77: =SUM(C81) -> 104539900
B78: Tuần 1/12 | C78: 55348000 | D78: R
B79: Tuần 2/12 | C79: 79843100 | D79: R
B80: Tuần 3/12 | C80: 83821300 | D80: R
B81: TUẦN 4/12 | C81: 104539900
B82: TUẦN SAU TÍNH 50 TH MÌ 32TR500
A83: CÁI TÀU HẠ | B83: Tuần 1/12 | C83: 13985500 | D83: R | E83: =sum(C86) -> 26870400
B84: Tuần 2/12 | C84: 30510400 | D84: R
B85: Tuần 3/12 | C85: 13534700 | D85: R
B86: TUẦN 4/12 | C86: 26870400
A88: HÒA PHÚ-VĨNH LONG | B88: Tuần 1/12 | C88: 24365600 | D88: R | E88: =sum(C91) -> 31832000
B89: Tuần 2/12 | C89: 25675400 | D89: R
B90: Tuần 3/12 | C90: 26381300 | D90: R
B91: TUẦN 4/12 | C91: 31832000
A93: THỐT NỐT | B93: Tháng 10 | C93: =SUM('THÁNG 10'!C90:C93) -> #REF! | D93: R | E93: =sum(C94:C98) -> #REF!
B94: Tháng 11 | C94: =sum('THÁNG 11'!C94:C97) -> #REF!
B95: Tuần 1/12 | C95: 15672500
B96: Tuần 2/12 | C96: 19595500
B97: Tuần 3/12 | C97: 19492000
B98: TUẦN 4/12 | C98: 17528000
A99: LAI VUNG | B99: Tháng 10 | C99: 43473000 | E99: =sum(C99:C104) -> #REF!
B100: Tháng 11 | C100: =sum('THÁNG 11'!C101:C104) -> #REF!
B101: Tuần 1/12 | C101: 4250000
B102: Tuần 2/12 | C102: 45932000
B103: Tuần 3/12 | C103: 4350000
B104: TUẦN 4/12 | C104: 18217500
A106: LẤP VÒ | B106: Tháng 11 | C106: 27837300 | D106: R | E106: =SUM(C108:C110) -> 109845500
B107: Tuần 1/12 | C107: 66335500 | D107: R
B108: Tuần 2/12 | C108: 33096000
B109: Tuần 3/12 | C109: 37884500
B110: TUẦN 4/12 | C110: 38865000
A111: ĐẠI HỌC | B111: Tháng 10 | C111: =SUM('THÁNG 10'!C107:C108) -> #REF! | D111: R | E111: =SUM(C112:C116) -> 198697000 | G111: =72352500+106176000+43094000+50269500+45408500+44061000+43862500+50692500+53155500 -> 509072000 | H111: =G111-200000000+132000 -> 309204000
B112: Tháng 11 | C112: 59688500
B113: Tuần 1/12 | C113: 39575500
B114: Tuần 2/12 | C114: 29957500
B115: Tuần 3/12 | C115: 28548500
B116: TUẦN 4/12 | C116: 40927000
A117: KIẾN TƯỜNG | B117: Tháng 11 | C117: =sum('THÁNG 11'!C115:C118) -> #REF! | D117: R | E117: =SUM(C118:C121) -> 130230000
...

Sheet THÁNG 1
A2: BẢNG CÔNG NỢ THÁNG 1
A3: CHI NHÁNH | C3: SỐ TIỀN | D3: ĐÃ CK/NGÀY | E3: CÔNG NỢ THÁNG
A4: BẾN TRE | B4: THÁNG 1 Tuần 1 | C4: 3660000 | D4: R | E4: 0
B5: TUẦN 2 | C5: 7099500 | D5: R
B6: TUẦN 4 | C6: 3115000 | D6: R
B10: Khô- Tết | C10: 14020000 | D10: R
A11: CÁI BÈ | B11: Tuần 2/12 | C11: 12206800 | E11: =sum(C11:C18) -> 130522200
B12: Tuần 3/12 | C12: 11005000
B13: TUẦN 4/12 | C13: 28155000
B14: THÁNG 1 Tuần 1 | C14: 0
B15: TUẦN 2 | C15: 6713600
B16: Tuần 3 | C16: 12846800
B17: TUẦN 4 | C17: 7975000
B18: Khô- Tết | C18: 51620000
A19: CAI LẬY | B19: Tuần 3/12 | C19: 7600000 | D19: R | E19: =sum(C20:C25) -> 30400000
B20: TUẦN 4/12 | C20: 7600000
B21: THÁNG 1 | C21: 0
B22: TUẦN 2 | C22: 0 | G22: =4500*20 -> 90000
B23: Tuần 3 | C23: 7600000
B24: TUẦN 4 | C24: 0
B25: Khô- Tết | C25: 15200000
A26: TÂN AN | B26: Tuần 3/12 | C26: 25135000 | D26: R | E26: 0 | H26: =4500*20 -> 90000
B27: TUẦN 4/12 | C27: 22305000 | D27: R
B28: THÁNG 1 | C28: 52595000 | D28: R
B29: TUẦN 4
B32: Khô- Tết | C32: 29820000 | D32: r
A33: THỦ ĐỨC | B33: THÁNG 1 | C33: 23740000 | D33: R | E33: 0
B34: Tuần 3 | C34: 19340000 | D34: R | J34: =H37
B35: TUẦN 4 | C35: 0
A37: THANH BÌNH | B37: Tuần 2 | C37: 71250000 | D37: R | E37: =SUM(C39:C42) -> 228109000
B38: Tuần 3 | C38: 52369000 | D38: R
B39: Tuần 4 | C39: 53864000
B42: Khô- Tết | C42: 174245000
A43: TÂN BÌNH | B43: TUẦN 4/12 | C43: 10200500 | D43: R | E43: 0
B44: THÁNG 1 | C44: 29532000 | D44: R
B46: Tuần 3 | C46: 7933000 | D46: R
B47: Tuần 4 | C47: 5470000 | D47: R
B49: Khô- Tết | C49: 24572000 | D49: R
A50: AN LONG | E50: =C56 -> 5554000
B52: Tuần 2 | C52: 29274100 | D52: R
B53: Tuần 3 | C53: 13911100 | D53: R
B54: Tuần 4 | C54: 2902200 | D54: R
B55: Khô- Tết | C55: 17490000 | D55: R
B56: ĐH TẾT | C56: 5554000
A57: BÚN ĐẬU | B57: Tuần 1/12 | C57: 6661000 | D57: R | E57: =sum(C61:C66) -> 80040000
B58: Tuần 2/12 | C58: 6088000 | D58: R
B59: Tuần 3/12 | C59: 5878000 | D59: R
B60: TUẦN 4/12 | C60: 13422000 | D60: R
B61: THÁNG 1 | C61: 1212000
B62: Tuần 2 | C62: 5466000
B63: Tuần 3 | C63: 10372000
B64: Tuần 4
B66: Khô- Tết | C66: 62990000
A67: HỒNG NGỰ | B67: THÁNG 1 | C67: 111101000 | D67: R | E67: =sum(C74) -> 162854500
B68: Tuần 2 | C68: 99468000 | D68: R
B69: Tuần 3 | C69: 178367800 | D69: R
B70: Tuần 4 | C70: 24702300 | D70: R
B74: Khô- Tết | C74: 162854500
A75: TÂN HỒNG | E75: =SUM(C77:C83) -> 270868600
B77: TUẦN 4/12 | C77: 42980500
B78: THÁNG 1 | C78: 1356500
B79: Tuần 2 | C79: 38031100
B80: Tuần 3 | C80: 66700100
B81: Tuần 4 | C81: 5380400
B83: Khô- Tết | C83: 116420000
A84: TAM NÔNG | B84: Tuần 3 | C84: 32359800 | D84: R | E84: 0
B85: Tuần 4 | C85: 11049800 | D85: R
B90: Khô- Tết | C90: 89088000 | D90: R
A91: LONG MỸ | E91: =SUM(C91:C100) -> 160142000
B92: Tuần 2/12 | C92: 12284500
B93: Tuần 3/12 | C93: 21007000
B94: TUẦN 4/12 | C94: 15535000
B95: THÁNG 1 | C95: 27279000
B96: Tuần 2 | C96: 15873000
B97: Tuần 3 | C97: 12650500
B100: Khô- Tết | C100: 55513000
A101: NGÃ 5 - SÓC TRĂNG | E101: =sum(C101:C111) -> 287109000
B103: Tuần 2/12 | C103: 10730000
B104: Tuần 3/12 | C104: 37739000
B105: TUẦN 4/12 | C105: 33629000
B106: THÁNG 1 | C106: 31270000
B107: Tuần 2 | C107: 22410500
B108: Tuần 3 | C108: 62958000
B109: Tuần 4 | C109: 12750000
B111: Khô- Tết | C111: 75622500
A112: SA ĐÉC | B112: THÁNG 1 | C112: 79320500 | D112: R | E112: 0
B113: Tuần 2 | C113: 74958500 | D113: R
B114: Tuần 3 | C114: 57866500 | D114: R
B115: Tuần 4 | C115: 106477700 | D115: R
B119: Khô- Tết | C119: 270034000 | D119: R
A120: CÁI TÀU HẠ | B120: THÁNG 1 | C120: 14641500 | D120: R | E120: =sum(C122:C124) -> 44769200
B121: Tuần 2 | C121: 10162000 | D121: R
B123: Tuần 4 | C123: 12384400
B124: Khô- Tết | C124: 32384800
A125: HÒA PHÚ-VĨNH LONG | B125: THÁNG 1 | C125: 14287500 | D125: R | E125: 0
B126: Tuần 2 | C126: 27352500 | D126: R
B127: Tuần 3 | C127: 31751800 | D127: R
B128: Tuần 4 | C128: 21502000 | D128: R
B129: Khô- Tết
A130: THỐT NỐT | B130: Tuần 3/12 | C130: 19492000 | D130: R | E130: =sum(C134:C140) -> 133443000
...

Sheet THÁNG 2
A2: BẢNG CÔNG NỢ THÁNG 2
A3: CHI NHÁNH | C3: SỐ TIỀN | D3: ĐÃ CK/NGÀY | E3: CÔNG NỢ THÁNG
A4: BẾN TRE | B4: Tuần 3/2 | C4: 4567500 | E4: =SUM(C4:C5) -> 45547500
B5: Tuần 4/2 | C5: 40980000
A11: CÁI BÈ | B11: Khô- Tết | C11: 51620000 | E11: =sum(C11:C18) -> 66430000
B12: Tuần 2/2 | C12: 2130000
B13: Tuần 3/2 | C13: 7670000
B14: Tuần 4/2 | C14: 5010000
A21: CAI LẬY | B21: Tuần 3/12 | C21: 7600000 | D21: R | E21: =sum(C24:C26) -> 21600000
B22: TUẦN 4/12 | C22: 7600000 | D22: R
B23: Tuần 3 | C23: 7600000 | D23: R
B24: Khô- Tết | C24: 10200000 | G24: =4500*20 -> 90000
B25: Tuần 2/2 | C25: 3800000
B26: Tuần 3/2 | C26: 7600000
B27: Tuần 4/2 | C27: 0
A29: TÂN AN | B29: Tuần 3/2 | C29: 44135000 | E29: =SUM(C29:C30) -> 47435000 | H29: =4500*20 -> 90000
B30: Tuần 4/2 | C30: 3300000
A36: THỦ ĐỨC | B36: Tuần 2/2 | C36: 25915000 | E36: =SUM(C36:C38) -> 44215000
B37: Tuần 3/2 | C37: 0 | J37: =H40
B38: Tuần 4/2 | C38: 18300000
A40: THANH BÌNH | B40: Tuần 3/2 | C40: 23770500 | E40: =SUM(C40:C41) -> 49460000
B41: Tuần 4/2 | C41: 25689500
A48: TÂN BÌNH | B48: Tuần 1/2 | C48: 16087500 | E48: =SUM(C48:C50) -> 39093000
B49: Tuần 3/2 | C49: 19705500
B50: Tuần 4/2 | C50: 3300000
A55: AN LONG | B55: Khô- Tết | C55: 17490000 | D55: R | E55: =SUM(C56:C62) -> 73140400
B56: Tuần 1/2 | C56: 41254800
B57: Tuần 2/2 | C57: 2250000
B58: Tuần 3/2 | C58: 0
B59: Tuần 4/2 | C59: 29635600
A63: BÚN ĐẬU | B63: THÁNG 1 | C63: 1212000 | E63: =sum(C63:C70) -> 105515000
B64: Tuần 2 | C64: 5466000
B65: Tuần 3 | C65: 10372000
B66: Khô- Tết | C66: 62990000
B67: Tuần 1/2 | C67: 7224000
B68: Tuần 2/2 | C68: 8000000
B69: Tuần 3/2 | C69: 1864000
B70: Tuần 4/2 | C70: 8387000
A74: HỒNG NGỰ | B74: Tuần 1/2 | C74: 29145000 | D74: R | E74: =SUM(C77) -> 82053500
B75: Tuần 2/2 | C75: 19553300 | D75: R
B76: Tuần 3/2 | C76: 101664400 | D76: R
B77: Tuần 4/2 | C77: 82053500
A82: TÂN HỒNG | B82: Tuần 2/2 | C82: 8485600 | E82: =SUM(C82:C84) -> 84902600
B83: Tuần 3/2 | C83: 45027700
B84: Tuần 4/2 | C84: 31389300
A91: TAM NÔNG | B91: Tuần 3 | C91: 32359800 | D91: R | E91: =SUM(C96) -> 39008700
B92: Tuần 4 | C92: 11049800 | D92: R
B93: Tuần 1/2 | C93: 34784000 | D93: R
B94: Tuần 2/2 | C94: 6286100 | D94: R
B95: Tuần 3/2 | C95: 43653400 | D95: R
B96: Tuần 4/2 | C96: 39008700
A98: LONG MỸ | B98: Tuần 3/2 | C98: 13176000 | E98: =SUM(C98) -> 13176000
B99: Tuần 4/2 | C99: 0
A108: NGÃ 5 - SÓC TRĂNG | B108: Tuần 3 | C108: 48736500 | D108: R | E108: =sum(C110:C118) -> 222557500
B109: Tuần 4 | C109: 12750000 | D109: R
B110: Tuần 1/2 | C110: 4377500
B111: Khô- Tết | C111: 75622500
B112: DH N1/2 -9/2 | C112: 51365000
B113: Tuần 2/2 | C113: 19209000
B114: Tuần 3/2 | C114: 37881500
B115: Tuần 4/2 | C115: 34102000
A119: SA ĐÉC | B119: Tuần 4/2 | C119: 32612000 | E119: =SUM(C119) -> 32612000
A128: CÁI TÀU HẠ | B128: DH N31/1-9/2 | C128: 13498500 | D128: R | E128: =SUM(C131) -> 11054100
B129: Tuần 2/2 | C129: 32675500 | D129: R
B130: Tuần 3/2 | C130: 24472000 | D130: R
B131: Tuần 4/2 | C131: 11054100 | D131: R
A135: HÒA PHÚ-VĨNH LONG | B135: Tuần 4 | C135: 21502000 | D135: R | E135: =SUM(C139) -> 13849300
B136: Tuần 1/2 | C136: 28419100 | D136: R
B137: Tuần 2/2 | C137: 31373900 | D137: R
B138: Tuần 3/2 | C138: 36096000 | D138: R
B139: Tuần 4/2 | C139: 13849300 | D139: R
A141: THỐT NỐT | B141: Tuần 1/2 | C141: 15930000 | E141: =sum(C141:C145) -> 155420000
B142: Tuần 2/2 | C142: 4451500
B143: Khô- Tết | C143: 103002500
B144: Tuần 3/2 | C144: 1715000
B145: Tuần 4/2 | C145: 30321000
A152: LAI VUNG | B152: Tuần 1/2 | C152: 37100000 | E152: =SUM(C152:C156) -> 190318500
B153: Khô- Tết | C153: 143534000
B154: Tuần 2/2 | C154: 4790000
B155: Tuần 3/2 | C155: 0
B156: Tuần 4/2 | C156: 4894500
A164: LẤP VÒ | B164: DH T1/2 DẾN 3/2 (1/2-9/2) | C164: 27650000 | E164: =SUM(C164:C167) -> 121740800
B165: Tuần 2/2 | C165: 29794800
B166: Tuần 3/2 | C166: 42641000
B167: Tuần 4/2 | C167: 21655000
A171: ĐẠI HỌC | B171: Tuần 3 | C171: 40348000 | D171: R | E171: =SUM(C172:C176) -> 230996000
B172: Tuần 4 | C172: 43658000
B173: Tuần 1/2 | C173: 33898500
B174: DH(2/2-9/2) N1/2 -9/2 | C174: 57791500
B175: Tuần 2/2 | C175: 56958500
B176: Tuần 3/2 | C176: 38689500
B177: Tuần 4/2 | C177: 23153000
A180: KIẾN TƯỜNG | B180: DH N3/2 -4/2 (1/2 -9/2) | C180: 3320000 | E180: =SUM(C180:C183) -> 88490500
B181: Tuần 2/2 | C181: 5101000
B182: Tuần 3/2 | C182: 40303500
B183: Tuần 4/2 | C183: 39766000
A188: PHÚ TÂN | B188: Tuần 3/12 | C188: 18781000 | D188: R | E188: =C193+C194 -> 30820000
B189: TUẦN 4/12 | C189: 2600000 | D189: R
B190: Tuần 3 | C190: 6044000 | D190: R
B191: TUẦN 4/1 | C191: 20580000 | D191: R
...

Sheet THÁNG 3
A2: BẢNG CÔNG NỢ THÁNG 3
A3: CHI NHÁNH | C3: SỐ TIỀN | D3: ĐÃ CK/NGÀY | E3: CÔNG NỢ THÁNG
A4: BẾN TRE | B4: Tuần 3/2 | C4: 4567500 | D4: R | E4: =SUM(C9) -> 43360500
B5: Tuần 4/2 | C5: 40980000 | D5: R
B6: Tuần 1/3 | C6: 4460500 | D6: R
B7: Tuần 2/3 | C7: 8201000 | D7: R
B8: Tuần 3/3 | C8: 4484000 | D8: R
B9: Tuần 4/3 | C9: 43360500
A11: CÁI BÈ | B11: Khô- Tết | C11: 51620000 | D11: R | E11: =sum(C12:C18) -> 54182200
B12: Tuần 2/2 | C12: 2130000
B13: Tuần 3/2 | C13: 7670000
B14: Tuần 4/2 | C14: 5010000
B15: Tuần 1/3 | C15: 8833600
B16: Tuần 2/3 | C16: 11668600
B17: Tuần 3/3 | C17: 7655000
B18: Tuần 4/3 | C18: 11215000
A21: CAI LẬY | B21: Khô- Tết | C21: 15200000 | D21: R | E21: =sum(C22:C26) -> 26600000
B22: Tuần 2/2 | C22: 3800000
B23: Tuần 3/2 | C23: 7600000
B24: Tuần 1/3 | C24: 7600000 | G24: =4500*20 -> 90000
B25: Tuần 2/3 | C25: 0
B26: Tuần 3/3 | C26: 7600000
B27: Tuần 4/3
A29: TÂN AN | B29: Tuần 3/2 | C29: 44135000 | D29: R | E29: =SUM(C33) -> 63120000 | H29: =4500*20 -> 90000
B30: Tuần 4/2 | C30: 3300000 | D30: R
B31: Tuần 1/3 | C31: 35280000 | D31: R
B32: Tuần 2/3 | C32: 42285000 | D32: R
B33: Tuần 4/3 | C33: 63120000
A36: THỦ ĐỨC | B36: Tuần 1/3 | C36: 23740000 | E36: =SUM(C36:C37) -> 48995000
B37: Tuần 2/3 | C37: 25255000 | J37: =H40
A40: THANH BÌNH | B40: Tuần 3/2 | C40: 23770500 | D40: R | E40: =SUM(C44:C45) -> 74844500
B41: Tuần 4/2 | C41: 25689500 | D41: R
B42: Tuần 1/3 | C42: 53064500 | D42: R
B43: Tuần 2/3 | C43: 41820500 | D43: R
B44: Tuần 3/3 | C44: 31334500
B45: Tuần 4/3 | C45: 43510000
B46: CÒN NGÀY 31
A48: TÂN BÌNH | B48: Tuần 2/3 | C48: 3555000 | D48: R | E48: =SUM(C50) -> 5730000
B49: Tuần 3/3 | C49: 1472500 | D49: R
B50: Tuần 4/3 | C50: 5730000
A55: AN LONG | B55: Tuần 2/3 | C55: 25170800 | D55: R | E55: =SUM(C57) -> 26673600
B56: Tuần 3/3 | C56: 28660200 | D56: R
B57: Tuần 4/3 | C57: 26673600
B58: CÒN DH N31/3
A63: BÚN ĐẬU | B63: Tuần 1/3 | C63: 6161000 | D63: R | E63: =SUM(C65:C66) -> 17073000
B64: Tuần 2/3 | C64: 4710000 | D64: R
B65: Tuần 3/3 | C65: 7863000
B66: Tuần 4/3 | C66: 9210000
A74: HỒNG NGỰ | B74: Tuần 1/3 | C74: 95257900 | D74: R | E74: =SUM(C78) -> 69720000
B75: Tuần 2/3 | C75: 100447500 | D75: R
B76: Tuần 3/3 | C76: 89990400 | D76: R
B77: Tuần 4/3 | C77: 95410800 | D77: R
B78: CÒN NGÀY 31 | C78: 69720000
A82: TÂN HỒNG | B82: Tuần 4/2 | C82: 14902600 | D82: R | E82: =SUM(C83:C86) -> 144998800
B83: Tuần 1/3 | C83: 22134100
B84: Tuần 2/3 | C84: 29324500
B85: Tuần 3/3 | C85: 33912200
B86: Tuần 4/3 | C86: 59628000
A91: TAM NÔNG | B91: Tuần 4/2 | C91: 39008700 | D91: R | E91: =SUM(C95) -> 60092500
B92: Tuần 1/3 | C92: 31422100 | D92: R
B93: Tuần 2/3 | C93: 31022600 | D93: R
B94: Tuần 3/3 | C94: 25318200 | D94: R
B95: Tuần 4/3 | C95: 60092500
A98: LONG MỸ | B98: Tuần 3/2 | C98: 13176000 | D98: R | E98: =SUM(C99:C101) -> 40808500
B99: Tuần 1/3 | C99: 0
B100: Tuần 2/3 | C100: 24853500
B101: Tuần 4/3 | C101: 15955000
A108: NGÃ 5 - SÓC TRĂNG | B108: Tuần 3 | C108: 48736500 | D108: R | E108: =sum(C110:C119) -> 324821500
B109: Tuần 4 | C109: 12750000 | D109: R
B110: Tuần 1/2 | C110: 4377500
B111: Khô- Tết | C111: 75622500
B112: DH N1/2 -9/2 | C112: 51365000
B113: Tuần 2/2 | C113: 19209000
B114: Tuần 3/2 | C114: 37881500
B115: Tuần 4/2 | C115: 34102000
B116: Tuần 1/3 | C116: 21511000
B117: Tuần 2/3 | C117: 23388000
B118: Tuần 3/3 | C118: 33002500
B119: Tuần 4/3 | C119: 24362500
A120: SA ĐÉC | B120: Tuần 4/2 | C120: 32612000 | D120: R | E120: =SUM(C124) -> 89417000
B121: Tuần 1/3 | C121: 103194500 | D121: R
B122: Tuần 2/3 | C122: 82564500 | D122: R
B123: Tuần 3/3 | C123: 77939500 | D123: R
B124: Tuần 4/3 | C124: 89417000
A129: CÁI TÀU HẠ | B129: Tuần 3/3 | C129: 26756200 | D129: R | E129: =SUM(C130) -> 13644700
B130: Tuần 4/3 | C130: 13644700
A136: HÒA PHÚ-VĨNH LONG | B136: Tuần 1/3 | C136: 49156500 | D136: R | E136: =SUM(C139) -> 21658500
B137: Tuần 2/3 | C137: 18460000 | D137: r
B138: Tuần 3/3 | C138: 27324000 | D138: R
B139: Tuần 4/3 | C139: 21658500
A142: THỐT NỐT | B142: Tuần 1/2 | C142: 15930000 | D142: R | E142: =sum(C146:C149) -> 80471500
B143: Tuần 2/2 | C143: 4451500 | D143: R
B144: Khô- Tết | C144: 103002500 | D144: r
B145: Tuần 3/2 | C145: 1715000 | D145: r
B146: Tuần 4/2 | C146: 30321000
B147: Tuần 1/3 | C147: 2350000
B148: Tuần 2/3 | C148: 25210500
B149: Tuần 4/3 | C149: 22590000
A153: LAI VUNG | B153: Tuần 1/2 | C153: 37100000 | D153: R | E153: =SUM(C154:C160) -> 211812500
B154: Khô- Tết | C154: 143534000
...

Sheet THÁNG 4
A2: BẢNG CÔNG NỢ THÁNG 4
A3: CHI NHÁNH | C3: SỐ TIỀN | D3: ĐÃ CK/NGÀY | E3: CÔNG NỢ THÁNG
A4: BẾN TRE | B4: tuần 2/4 | C4: 4480000 | D4: R | E4: 0
B5: tuần 3/4 | C5: 3945500 | D5: R
B6: tuần 4/4 | C6: 48419000 | D6: R
A11: CÁI BÈ | E11: =sum(C18:C21) -> 62958200
B18: tuần 1/4 | C18: 13370000
B19: tuần 2/4 | C19: 8760000
B20: tuần 3/4 | C20: 12288200
B21: tuần 4/4 | C21: 28540000
A22: CAI LẬY | B22: Tuần 2/2 | C22: 3800000 | E22: =sum(C22:C28) -> 53525000
B23: Tuần 3/2 | C23: 7600000
B24: Tuần 1/3 | C24: 7600000
B25: Tuần 3/3 | C25: 7600000 | G25: =4500*20 -> 90000
B26: Tuần 1/4 | C26: 10075000
B27: tuần 3/4 | C27: 9250000
B28: tuần 4/4 | C28: 7600000
A30: TÂN AN | B30: Tuần 1/4 | C30: 56705000 | D30: R | E30: 0 | H30: =4500*20 -> 90000
B31: tuần 2/4 | C31: 17150000 | D31: R
B32: tuần 3/4 | C32: 31807500 | D32: R
B33: tuần 4/4 | C33: 85975000 | D33: R
A37: THỦ ĐỨC
J38: =H41
A41: THANH BÌNH | E41: 0
A49: TÂN BÌNH | E49: =SUM(C51:C52) -> 8148500
B51: Tuần 2/4 | C51: 2977000
B52: tuần 3/4 | C52: 5171500
A56: AN LONG | E56: =SUM(C62) -> 60794500
B62: tuần 4/4 | C62: 60794500
A64: BÚN ĐẬU | E64: =SUM(C64:C69) -> 0
A75: HỒNG NGỰ | E75: =SUM(C79) -> 0
A83: TÂN HỒNG | E83: =sum(C84:C89) -> 0
A92: TAM NÔNG | E92: 0
A99: LONG MỸ
A109: NGÃ 5 - SÓC TRĂNG | E109: =sum(C111:C122) -> 0
A123: SA ĐÉC | E123: 0
A132: CÁI TÀU HẠ | E132: =SUM(C137) -> 0
A139: HÒA PHÚ-VĨNH LONG | E139: 0
A145: THỐT NỐT | E145: =sum(C147:C152) -> 0
A156: LAI VUNG | E156: =SUM(C158:C166) -> 0
A168: LẤP VÒ
A176: ĐẠI HỌC | E176: =SUM(C179:C183) -> 0
A185: KIẾN TƯỜNG | B185: Tuần 2/4 | C185: 29068500 | E185: =SUM(C185:C187) -> 120859500
B186: tuần 3/4 | C186: 30971000
B187: tuần 4/4 | C187: 60820000
A193: PHÚ TÂN | B193: tuần 1/3 | C193: 29931000 | E193: =sum(C193:C194) -> 35131000
B194: tuần 2/3 | C194: 5200000
B195: tuần 3/3
A200: CHỢ MỚI | B200: tuần 1/3 | C200: 9055500 | D200: R | E200: 19619400
B201: tuần 2/3 | C201: 10843800 | D201: R
B202: tuần 3/3 | C202: 10534100 | D202: R
B203: tuần 4/3 | C203: 19619400
A205: MỸ LUÔNG | B205: tuần 1/3 | C205: 50639600 | E205: =sum(C205:C207) -> 91237100
B206: tuần 3/3 | C206: 10501000
B207: tuần 4/3 | C207: 30096500
A214: LONG XUYÊN | B214: tuần 1/3 | C214: 14385000 | D214: R | E214: 22270000
B215: tuần 2/3 | C215: 7050000 | D215: R
B216: tuần 4/3 | C216: 22270000
B219: ĐƠN HÀNG TẾT | C219: 38475000 | D219: -1125000
A221: NGÃ 7 | B221: Tháng 10 | C221: 40000000 | E221: 60985000
B222: DH N17/02 | C222: 27275000 | D222: -1635000
B223: tuần 2/3 | C223: 19350000
H224: Tuần 1 | I224: 35835500
H225: Tuần 2 | I225: 42089000
H226: Tuần 3 | I226: 39621000
A228: CHÂU ĐỐC | B228: tuần 1/3 | C228: 19719000 | E228: =sum(C228:C231) -> 103226500
B229: tuần 2/3 | C229: 30388500 | H229: Tuần 4 | I229: 67791000
B230: tuần 3/3 | C230: 25375000
B231: tuần 4/3 | C231: 27744000 | I231: =SUM(I243:I244) -> 146720000
A232: GÒ DẦU | B232: tuần 1/3 | C232: 90293000 | E232: 242648000
B233: tuần 2/3 | C233: 81218500
B234: tuần 3/3 | C234: 72339000 | I234: 11136500
B235: tuần 4/3 | C235: 42648000 | I235: 43862500
I236: 50692500
B237: Tuần 2/2 | C237: 76236000 | I237: 53155500
B238: Tuần 3/2 | C238: 53322500
B239: Tuần 4/2 | C239: 3300000
B240: trả 29/3 | C240: 72339000
A241: GÒ CÔNG | B241: tuần 2/3 | C241: 1146000 | E241: 1146000
I243: 98639000
B244: Tuần 4/2 | C244: 3735000 | D244: R | I244: 48081000
A245: NGÃI GIAO | B245: tuần 2/3 | C245: 11932500 | D245: R | E245: 23250000 | F245: TH
B246: tuần 3/3 | C246: 16270000 | I246: =SUM(I234:I244) -> 305567000
B247: tuần 4/3 | C247: 6980000
B248: Tuần 2/2 | C248: 5085000 | D248: R
B249: Tuần 3/2 | C249: 10300000 | D249: R | H249: =40000000-I250-I252-#REF!-I255 -> #REF!
B250: Tuần 4/2 | C250: 20495000 | D250: R
A251: CÀ MAU | B251: tuần 1/3 | C251: 34155000 | D251: R | E251: 86564000
B252: tuần 2/3 | C252: 38965000 | D252: R
B253: tuần 3/3 | C253: 41234000
B254: tuần 4/3 | C254: 45429500
B255: Tuần 4/2 | C255: 45429500
A256: RẠCH GIÁ | B256: tuần 1/3 | C256: 99514500 | D256: R | E256: 57920000
B257: tuần 2/3 | C257: 42702000 | D257: R
B258: tuần 3/3 | C258: 60437000 | D258: R
B259: tuần 4/3 | C259: 57920000 | L259: =SUM(I259:I262) -> 38616000
A261: HAKIMI VL | B261: Tuần 1 | E261: 2625000 | G261: HAKIMI VL | H261: Tháng 11 | I261: 3000000
B262: Tuần 2 | C262: 2625000 | H262: Tuần 1/12 | I262: 35616000
B263: Tuần 3 | H263: tuan 2/12 | I263: 18839500
B264: Tuần 4 | H264: Tuần 4/12 | I264: 27162000
...

Sheet THÁNG 5
A2: BẢNG CÔNG NỢ THÁNG 4
A3: CHI NHÁNH | C3: SỐ TIỀN | D3: ĐÃ CK/NGÀY | E3: CÔNG NỢ THÁNG
A4: BẾN TRE | B4: tuần 1/5 | C4: 7431500 | D4: R | E4: =sum(C7) -> 5385000
B5: tuần 2/5 | C5: 43181000 | D5: R
B6: tuần 3/5 | C6: 4191000 | D6: R
B7: tuần 4/5 | C7: 5385000
A11: CÁI BÈ | B11: tuần 1/4 | C11: 13370000 | D11: R | E11: =sum(C15:C18) -> 44365000
B12: tuần 2/4 | C12: 8760000 | D12: R
B13: tuần 3/4 | C13: 12288200 | D13: R
B14: tuần 4/4 | C14: 28540000 | D14: R
B15: tuần 1/5 | C15: 10426800
B16: tuần 2/5 | C16: 8780000
B17: tuần 3/5 | C17: 8623200
B18: tuần 4/5 | C18: 16535000
A19: CAI LẬY | B19: tháng 2 | C19: 11400000 | D19: R | E19: =sum(C20:C23) -> 58975000
B20: tháng 3 | C20: 15200000
B21: tháng 4 | C21: 26925000
B22: tuần 1/5 | C22: 9250000 | G22: =4500*20 -> 90000
B23: tuần 4/5 | C23: 7600000
A27: TÂN AN | B27: tuần 1/5 | C27: 33740000 | D27: R | E27: 16790000 | H27: =4500*20 -> 90000
B28: tuần 2/5 | C28: 53390000 | D28: R
B29: tuần 3/5 | C29: 16790000
A31: THỦ ĐỨC | B31: tuần 1/5 | C31: 22620000 | D31: R | E31: 27840000
B32: tuần 2/5 | C32: 28060000 | D32: R | J32: =H35
B33: tuần 4/5 | C33: 27840000
A35: THANH BÌNH | B35: tuần 1/5 | C35: 59124000 | D35: R | E35: =sum(C37:C38) -> 59243000
B36: tuần 2/5 | C36: 44704500 | D36: R
B37: tuần 3/5 | C37: 25568500
B38: tuần 4/5 | C38: 33674500
A39: TÂN BÌNH | B39: tháng 4 | C39: 8148000 | D39: R | E39: =sum(C43:C44) -> 7018000
B40: tuần 1/5 | C40: 5799000 | D40: R
B41: tuần 4/4 | C41: 25970000 | D41: R
B42: tuần 2/5 | C42: 4677000 | D42: R
B43: tuần 3/5 | C43: 4302000
B44: tuần 4/5 | C44: 2716000
A45: AN LONG | B45: tuần 4/4 | C45: 35794000 | D45: R | E45: =sum(C48:C49) -> 36198800
B46: tuần 1/5 | C46: 22775800 | D46: R
B47: tuần 2/5 | C47: 20721400 | D47: R
B48: tuần 3/5 | C48: 18301100
B49: tuần 4/5 | C49: 17897700
A50: BÚN ĐẬU | B50: tháng 3 | C50: 17073000 | E50: =sum(C50:C52) -> 44902000
B51: thàng 4 | C51: 24878000
B52: tuần 1/5 | C52: 2951000
A54: HỒNG NGỰ | B54: 28/4 đền 4/5 | C54: 158623900 | D54: R | E54: 106604300
B55: tuần 1/5 | C55: 90740500 | D55: R
B56: tuần 2/5 | C56: 106913300 | D56: R
B57: tuần 3/5 | C57: 79018400 | D57: R
B58: tuần 4/5 | C58: 106604300
A59: TÂN HỒNG | E59: =sum(C60:C64) -> 204020200
B60: tháng 4 | C60: 31655200
B61: tuần 1/5 | C61: 52552400
B62: tuần 2/5 | C62: 42471800
B63: tuần 3/5 | C63: 34175000
B64: tuần 4/5 | C64: 43165800
A65: TAM NÔNG | B65: tuần 1/5 | C65: 39240500 | D65: R | E65: =sum(C67:C68) -> 88173500
B66: tuần 2/5 | C66: 31234600 | D66: R
B67: tuần 3/5 | C67: 53964500
B68: tuần 4/5 | C68: 34209000
A69: LONG MỸ | B69: tháng 4 | C69: 13021000 | E69: =sum(C69:C71) -> 72734000
B70: tuần 1/5 | C70: 36979000
B71: tuần 4/5 | C71: 22734000
A73: NGÃ 5 - SÓC TRĂNG | E73: =sum(C74:C79) -> 380042500
B74: tháng 3 | C74: 74821000
B75: tháng 4 | C75: 157802500
B76: tuần 1/5 | C76: 45105000
B77: tuần 2/5 | C77: 31014000
B78: tuần 3/5 | C78: 40659000
B79: tuần 4/5 | C79: 30641000
A80: SA ĐÉC | B80: tuần 1/5 | C80: 172979200 | D80: R | E80: 77035200
B81: tuần 2/5 | C81: 48593500 | D81: R
B82: tuần 3/5 | C82: 77035200 | D82: R
B83: tuần 4/5 | C83: 42696500 | D83: 50 mì
A84: CÁI TÀU HẠ | B84: tuần 4/4 | C84: 18791500 | D84: R | E84: 8712900
B85: tuần 1/5 | C85: 36731300 | D85: R
B86: tuần 2/5 | C86: 25084200 | D86: R
B87: tuần 3/5 | C87: 11414000 | D87: R
B88: tuần 4/5 | C88: 8712900
A89: HÒA PHÚ-VĨNH LONG | B89: tuần 1/5 | C89: 32070300 | D89: R | E89: 19427000
B90: tuần 2/5 | C90: 25045700 | D90: R
B91: tuần 3/5 | C91: 27184500 | D91: R
B92: tuần 4/5 | C92: 19427000
A93: THỐT NỐT | B93: tuần 1/5 | C93: 78263500 | E93: =SUM(C93:C98) -> 1007710500
B94: tuần 2/5 | C94: 59494000
B95: tuần 3/5 | C95: 64143500
B96: tuần 4/5 | C96: 35042500
B97: ĐƠN KHAI TRƯƠNG | C97: 786667000
B98: TRỪ LẠI TỦ ĐÔNG | C98: -15900000
A99: LAI VUNG | B99: tuần 2/5 | C99: 43977500 | E99: =sum(C99:C103) -> 502001500
B100: tuần 3/5 | C100: 2631000
B101: tuần 4/5 | C101: 1675000
B102: ĐƠN KHAI TRƯƠNG | C102: 467218000
B103: TRỪ LẠI TỦ ĐÔNG | C103: -13500000
A104: LẤP VÒ | B104: tuần 4/4 | C104: 56390000 | D104: R | E104: =sum(C106:C108) -> 109489500
B105: tuần 1/5 | C105: 60724900 | D105: R
B106: tuần 2/5 | C106: 33826100
B107: tuần 3/5 | C107: 32656900
B108: tuần 4/5 | C108: 43006500
A109: ĐẠI HỌC | B109: tháng 4 | C109: 90616500 | E109: =sum(C109:C113) -> 235153000
B110: tuần 1/5 | C110: 57008500
B111: tuần 2/5 | C111: 33228500
...

Sheet THÁNG 7
A2: BẢNG CÔNG NỢ THÁNG 7
A3: CHI NHÁNH | C3: SỐ TIỀN | D3: CÔNG NỢ THÁNG
A4: CHỢ LÁCH | B4: tuần 3/7 | C4: 3955500 | D4: =sum(C4:C6) -> 15610500
B5: tuần 4/7 | C5: 4860000
B6: tuần 5/7 | C6: 6795000
A10: cái bè | B10: tháng 6 | C10: 44661000 | D10: =sum(C10:C15) -> 98240600
B11: tuần 1/7 | C11: 11523200
B12: tuần 2/7 | C12: 10295000
B13: tuần 3/7 | C13: 9416400
B14: tuần 4/7 | C14: 11525000
B15: tuần 5/7 | C15: 10820000
A16: cái lậy | B16: tháng 4 | C16: 16850000 | D16: =sum(C16:C20) -> 64100000
B17: tháng 5 | C17: 16850000
B18: tháng 6 | C18: 15200000
B19: tuần 2/7 | C19: 7600000
B20: tuần 4/7 | C20: 7600000
A22: TÂN AN | D22: 690000
B24: tuần 5/7 | C24: 690000
A26: THỦ ĐỨC | D26: 0
I27: =#REF! -> #REF!
A30: THANH BÌNH | D30: =sum(C31:C32) -> 62576000
B31: tuần 4/7 | C31: 29322500
B32: tuần 5/7 | C32: 33253500
A34: TÂN BÌNH | B34: tuần 2/7 | C34: 3905000 | D34: =sum(C34:C36) -> 14084500
B35: tuần 4/7 | C35: 6412000
B36: tuần 5/7 | C36: 3767500
A40: AN LONG | D40: =sum(C42:C43) -> 41563400
B42: tuần 4/7 | C42: 29805600
B43: tuần 5/7 | C43: 11757800
A45: HỒNG NGỰ | B45: tuần 4/6 | C45: thanh toán rồi | D45: 79664300
B46: tuần 4/7 | C46: 79664300 | D46: =sum(C46:C47) -> 145978100
B47: tuần 5/7 | C47: 66313800
B48: còn đơn 31/7
A50: tân hồng | B50: tháng 6 | C50: 81333500 | D50: =sum(C50:C54) -> 221691900
B51: tuần 2/7 | C51: 34673400
B52: tuần 3/7 | C52: 38797000
B53: tuần 4/7 | C53: 35385900
B54: tuần 5/7 | C54: 31502100
A55: TAM NÔNG | B55: tuần 4/7 | C55: 30455600 | D55: =sum(C55:C56) -> 61632600
B56: tuần 5/7 | C56: 31177000
A61: long mỹ | B61: tháng 5 | C61: 42734000 | D61: =sum(C61:C64) -> 132866000
B62: tháng 6 | C62: 52924000
B63: tuần 2/7 | C63: 21857000
B64: tuần 3/7 | C64: 15351000
A66: ngã 5 - sóc trang | D66: =sum(C67:C73) -> 387977000
B67: tháng 4 | C67: 32622000
B68: tháng 5 | C68: 147419000
B69: tháng 6 | C69: 99423000
B70: tuần 1/7 | C70: 32127000
B71: tuần 2/7 | C71: 20902000
B72: tuần 3/7 | C72: 30042500
B73: tuần 4/7 | C73: 25441500
A75: SA ĐÉC | D75: 26559500
B76: tuần 5/7 | C76: 26559500
B77: còn 50 mì + vô 8
A79: CÁI TÀU HẠ | D79: 5897500
B81: tuần 5/7 | C81: 5897500
A84: HÒA PHÚ-VĨNH LONG | D84: =sum(C85:C86) -> 36442700
B85: tuần 4/7 | C85: 24635100
B86: tuần 5/7 | C86: 11807600
A88: THỐT NỐT | D88: =sum(C89:C93) -> 200931500
B89: tuần 1/7 | C89: 46676500
B90: tuần 2/7 | C90: 44104500
B91: tuần 3/7 | C91: 39378000
B92: tuần 4/7 | C92: 32364000
B93: tuần 5/7 | C93: 38408500
A94: lai vung | B94: TRỪ LẠI TỦ ĐÔNG | C94: -13500000 | D94: =sum(C94:C100) -> 170892000
B95: tháng 6 | C95: 93662000
B96: tuần 1/7 | C96: 54180000
B97: tuần 3/7 | C97: 28695000
B98: tuần 4/7 | C98: 315000
B99: hổ trợ khai trương | C99: 5424000
B100: tuần 5/7 | C100: 2116000
A101: LẤP VÒ | B101: tuần 4/7 | C101: 40392000 | D101: =sum(C101:C102) -> 42957500
B102: tuần 5/7 | C102: 2565500
B103: còn đơn 31/7
A105: đại học | D105: =sum(C106:C110) -> 123705500
B106: tuần 1/7 | C106: 28244000
B107: tuần 2/7 | C107: 34796000
B108: tuần 3/7 | C108: 27755000
B109: tuần 4/7 | C109: 19136500
B110: tuần 5/7 | C110: 13774000
A111: KIẾN TƯỜNG | D111: =sum(C111:C114) -> 34586000
B112: tuần 5/7 | C112: 34586000
A116: PHÚ TÂN | B116: tuần 1/7 | C116: 10675000 | D116: =sum(C116:C118) -> 46750000
B117: tuần 2/7 | C117: 2600000
B118: tuần 4/7 | C118: 33475000
A120: CHỢ MỚI | B120: tuần 4/7 | C120: 41217300 | D120: 41217300
A124: MỸ LUÔNG | B124: tuần 2/7 | C124: 11188000 | D124: =sum(C124:C126) -> 71841500
B125: tuần 3/7 | C125: 14053500
B126: tuần 4/7 | C126: 46600000
A128: long xuyên | B128: tháng 6 | C128: 41420000 | D128: =sum(C128:C132) -> 125671000
B129: tuần 1/7 | C129: 16800000
B130: tuần 2/7 | C130: 17040000
B131: tuần 3/7 | C131: 30725000
B132: tuần 5/7 | C132: 19686000
A133: NGÃ 7 | B133: tháng 10 | C133: 40000000 | D133: =sum(C133:C137) -> 103638500
B134: dh ngày 26/31 | C134: 12761000
B135: dh ngày 16/22 | C135: 15292500
B136: dh ngày 7/13 | C136: 20165000 | G136: Tuần 1 | H136: 35835500
...

Sheet THÁNG 8
A2: BẢNG CÔNG NỢ THÁNG 8
A3: CHI NHÁNH | C3: SỐ TIỀN | D3: CÔNG NỢ THÁNG
A4: CHỢ LÁCH | B4: tuấn 4/8 | C4: 57100500 | D4: =sum(C4:C5) -> 57100500
A10: cái bè | D10: =sum(C11:C15) -> 104698600
B11: tháng 7 | C11: 53579600
B12: tuần 1/8 | C12: 11595000
B13: tuần 2/8 | C13: 10643000
B14: tuần 3/8 | C14: 11506000
B15: tuấn 4/8 | C15: 17375000
A16: cái lậy | D16: =sum(C17:C22) -> 66250000
B17: tháng 5 | C17: 16850000
B18: tháng 6 | C18: 15200000
B19: tháng 7 | C19: 15200000
B20: tuần 1/8 | C20: 7600000
B21: tuần 3/8 | C21: 3800000
B22: tuấn 4/8 | C22: 7600000
A23: TÂN AN | D23: =sum(C23:C24) -> 59735500
B24: tuấn 4/8 | C24: 59735500
A27: THỦ ĐỨC | B27: tuần 1/8 | C27: 23740000 | D27: =sum(C27:C28) -> 53240000
B28: tuần 2/8 | C28: 29500000 | I28: =#REF! -> #REF!
A31: THANH BÌNH | B31: tuần 3/8 | C31: 47583000 | D31: =sum(C31:C32) -> 79465000
B32: tuấn 4/8 | C32: 31882000
A36: TÂN BÌNH | B36: tuần 1/8 | C36: 17863500 | D36: =sum(C36:C37) -> 26013500
B37: tuấn 4/8 | C37: 8150000
A42: AN LONG | B42: tuần 3/8 | C42: 30827600 | D42: =sum(C42:C43) -> 58902600
B43: tuấn 4/8 | C43: 28075000
A47: HỒNG NGỰ | B47: tuần 4/6 | C47: thanh toán rồi | D47: 79664300
B48: tuấn 4/8 | C48: 88444100 | D48: =sum(C48:C49) -> 88444100
A52: tân hồng | D52: =sum(C53:C57) -> 249082000
B53: tháng 7 | C53: 91690000
B54: tuần 1/8 | C54: 34423100
B55: tuần 2/8 | C55: 40003400
B56: tuần 3/8 | C56: 49201200
B57: tuấn 4/8 | C57: 33764300
A58: TAM NÔNG | D58: 50021800
B59: tuấn 4/8 | C59: 50021800
A64: long mỹ | D64: =sum(C65:C69) -> 146413000
B65: tháng 6 | C65: 45658000
B66: tháng 7 | C66: 37208000
B67: tuần 1/8 | C67: 34678000
B68: tuần 2/8 | C68: 5413000
B69: tuấn 4/8 | C69: 23456000
A70: ngã 5 - sóc trang | D70: =sum(C73:C78) -> 387566000
B73: tháng 6 | C73: 69464000
B74: tháng 7 | C74: 108513000
B75: tuần 1/8 | C75: 67289000
B76: tuần 2/8 | C76: 44235000
B77: tuần 3/8 | C77: 28038500
B78: tuấn 4/8 | C78: 70026500
A79: SA ĐÉC | D79: =sum(C80:C81) -> 249564000
B80: tuần 3/8 | C80: 175011000
B81: tuấn 4/8 | C81: 74553000
B82: còn dh ngày 29/8 dva 1/9
A83: CÁI TÀU HẠ | D83: 12840600
B85: tuấn 4/8 | C85: 12840600
A88: HÒA PHÚ-VĨNH LONG | D88: 25791400
B90: tuấn 4/8 | C90: 25791400
A92: THỐT NỐT | B92: tháng 7 | C92: 70773500 | D92: =sum(C92:C96) -> 240952000
B93: tuần 1/8 | C93: 42897500
B94: tuần 2/8 | C94: 39198000
B95: tuần 3/8 | C95: 35747000
B96: tuấn 4/8 | C96: 52336000
A98: lai vung | D98: =sum(C100:C104) -> 189105500
B100: tháng 7 | C100: 31126000
B101: hổ trợ khai trương | C101: 5424000
B102: tuần 1/8 | C102: 43744000
B103: tuần 2/8 | C103: 44235000
B104: tuấn 4/8 | C104: 64576500
A105: LẤP VÒ | B105: tuần 3/8 | C105: 38225000 | D105: =sum(C105:C106) -> 96448000
B106: tuấn 4/8 | C106: 58223000
A110: đại học | B110: tháng 7 | C110: 95461500 | D110: =sum(C110:C114) -> 200442500
B111: tuần 1/8 | C111: 38316500
B112: tuần 2/8 | C112: 24056500
B113: tuần 3/8 | C113: 20035000
B114: tuấn 4/8 | C114: 22573000
A116: KIẾN TƯỜNG | D116: =sum(C116:C119) -> 38790000
B117: tuấn 4/8 | C117: 38790000
A121: PHÚ TÂN | B121: tháng 7 | C121: 46750000 | D121: =sum(C121:C123) -> 74240000
B122: tuần 2/8 | C122: 2600000
B123: tuần 3/8 | C123: 24890000
A125: CHỢ MỚI | D125: =sum(C127:C128) -> 41096400
B127: tuần 3/8 | C127: 30278500
B128: tuấn 4/8 | C128: 10817900
A129: MỸ LUÔNG | B129: tuần 1/8 | C129: 11257700 | D129: =sum(C129:C132) -> 71655300
B130: tuần 2/8 | C130: 15417000
B131: tuần 3/8 | C131: 28472600
B132: tuấn 4/8 | C132: 16508000
A133: long xuyên | D133: =sum(C134:C138) -> 97145000
B134: tháng 7 | C134: 30665000
B135: tuần 1/8 | C135: 17450000
B136: tuần 2/8 | C136: 10870000
B137: tuần 3/8 | C137: 22030000
B138: tuấn 4/8 | C138: 16130000
A139: NGÃ 7 | B139: tháng 10 | C139: 40000000 | D139: =sum(C139:C141) -> 73375000
B140: dh ngày 11/17/8 | C140: 15315000
B141: dh ngày 25/31/8 | C141: 18060000
G142: Tuần 1 | H142: 35835500
A146: CHÂU ĐỐC | B146: tuần 1/8 | C146: 48530500 | D146: =sum(C146:C149) -> 136764500
B147: tuần 2/8 | C147: 49152500 | G147: Tuần 4 | H147: 67791000
B148: tuần 3/8 | C148: 39081500
...

Sheet THÁNG 9
A1: 0
A2: BẢNG CÔNG NỢ THÁNG 9
A3: CHI NHÁNH | C3: SỐ TIỀN | D3: CÔNG NỢ THÁNG
A4: CHỢ LÁCH | B4: tuần 2/9 | C4: 3557500 | D4: =sum(C4:C6) -> 46902500
B5: tuần 3/9 | C5: 6412500
B6: tuần 4/9 | C6: 36932500
A10: cái bè | D10: =sum(C12:C16) -> 89959000
B12: tháng 8 | C12: 51119000
B13: tuần 1/9 | C13: 10495000
B14: tuần 2/9 | C14: 9095000
B15: tuần 3/9 | C15: 7260000
B16: tuần 4/9 | C16: 11990000
A17: cái lậy | D17: =sum(C18:C23) -> 81450000
B18: tháng 5 | C18: 16850000
B19: tháng 6 | C19: 15200000
B20: tháng 7 | C20: 15200000
B21: tháng 8 | C21: 19000000
B22: tuần 2/9 | C22: 7600000
B23: tuần 4/9 | C23: 7600000
A24: TÂN AN | B24: tuần 3/9 | C24: 52110000 | D24: =sum(C24:C25) -> 125610000
B25: tuần 4/9 | C25: 73500000
A28: THỦ ĐỨC | D28: =sum(C28:C29) -> 13000000
B29: tuần 3/9 | C29: 13000000 | I29: =#REF! -> #REF!
A32: THANH BÌNH | B32: tuần 4/9 | C32: 70469000 | D32: 70469000
A37: TÂN BÌNH | D37: =sum(C39:C41) -> 49090500
B39: tuần 2/9 | C39: 10215000
B40: tuần 3/9 | C40: 6388500
B41: tuần 1/10 | C41: 32487000
A43: AN LONG | B43: tuần 4/9 | C43: 25902000 | D43: =sum(C43:C44) -> 54672400
B44: tuần 1/10 | C44: 28770400
A48: HỒNG NGỰ | B48: tuần 4/6 | C48: thanh toán rồi | D48: 79664300
D49: 141192700
B51: tuần 4/9 | C51: 141192700
A53: tân hồng | D53: =sum(C55:C59) -> 271025500
B55: tháng 8 | C55: 82391000
B56: tuần 1/9 | C56: 47749100
B57: tuần 2/9 | C57: 38920900
B58: tuần 3/9 | C58: 32104200
B59: tuần 4/9 | C59: 69860300
A60: TAM NÔNG | D60: 54087500
B62: tuần 4/9 | C62: 54087500
A66: long mỹ | D66: =sum(C67:C71) -> 184222000
B67: tháng 6 | C67: 45658000
B68: tháng 7 | C68: 37208000
B69: tháng 8 | C69: 63547000
B70: tuần 1/9 | C70: 21472000
B71: tuần 3/9 | C71: 16337000
A73: ngã 5 - sóc trang | D73: =sum(C75:C79) -> 285279000
B75: tháng 8 | C75: 200141000
B76: tuần 1/9 | C76: 22544000
B77: tuần 2/9 | C77: 21279000
B78: tuần 3/9 | C78: 16036000
B79: tuần 4/9 | C79: 25279000
A82: SA ĐÉC | D82: 55107800
B84: tuần 4/9 | C84: 55107800
B85: mì 50 tqt 10
A86: CÁI TÀU HẠ | D86: 15771700
B89: tuần 4/9 | C89: 15771700
A91: HÒA PHÚ-VĨNH LONG | D91: 33347600
B94: tuần 4/9 | C94: 33347600
A95: THỐT NỐT | D95: =sum(C96:C100) -> 201862500
B96: tháng 8 | C96: 52336000
B97: tuần 1/9 | C97: 35840500
B98: tuần 2/9 | C98: 39000000
B99: tuần 3/9 | C99: 38321000
B100: tuần 4/9 | C100: 36365000
A101: lai vung | D101: =sum(C103:C105) -> 195306500
B103: tháng 8 | C103: 152555000
B104: tuần 1/9 | C104: 1530000
B105: tuần 3/9 | C105: 41221500
A108: LẤP VÒ | D108: =sum(C110:C113) -> 134615200
B110: tuần 1/9 | C110: 33873000
B111: tuần 2/9 | C111: 38804200
B112: tuần 3/9 | C112: 29737000
B113: tuần 4/9 | C113: 32201000
A114: đại học | D114: =sum(C115:C119) -> 161272000
B115: tháng 8 | C115: 42608000
B116: tuần 1/9 | C116: 23404000
B117: tuần 2/9 | C117: 32708500
B118: tuần 3/9 | C118: 25645000
B119: tuần 4/9 | C119: 36906500
A120: KIẾN TƯỜNG | D120: =sum(C121:C125) -> 207788000
B121: tuấn 4/8 | C121: 38790000
B122: tuần 1/9 | C122: 43426000
B123: tuần 2/9 | C123: 42569000
B124: tuần 3/9 | C124: 24710000
B125: tuần 4/9 | C125: 58293000
A126: PHÚ TÂN | B126: tuần 3/8 | C126: 24240000 | D126: =sum(C126:C129) -> 89260000
B127: tuần 1/9 | C127: 36415000
B128: tuần 3/9 | C128: 2600000
B129: tuần 4/9 | C129: 26005000
A130: CHỢ MỚI | D130: =sum(C130:C132) -> 35354300
B132: tuần 4/9 | C132: 35354300
A134: MỸ LUÔNG | D134: =sum(C135:C138) -> 88190800
B135: tuần 1/9 | C135: 34182000
B136: tuần 2/9 | C136: 15454800
B137: tuần 3/9 | C137: 11149000
B138: tuần 4/9 | C138: 27405000
A139: long xuyên | D139: =sum(C140:C143) -> 109520000
B140: tháng 7 | C140: 30665000
...

Sheet THANG 10
A2: BẢNG CÔNG NỢ THÁNG 10
A3: CHI NHÁNH | C3: SỐ TIỀN | D3: CÔNG NỢ THÁNG
A4: CHỢ LÁCH | B4: tuần 1/10 | C4: TTR | D4: =sum(C6:C8) -> 51266000
B5: tuần 2/10 | C5: TTR
B6: Tuần 3/10 | C6: 2900000 | E6: 0352909819 lương quang
B7: tuần 4/10 | C7: 43655000
B8: tuần 5/10 | C8: 4711000
E9: NHI
A10: cái bè | B10: tháng 9 | C10: 38840000 | D10: =sum(C10:C14) -> 77930000
B11: tuần 2/10 | C11: 8635000
B12: Tuần 3/10 | C12: 13075000 | E12: 0989969719 minh thiện
B13: tuần 4/10 | C13: 14245000
B14: tuần 5/10 | C14: 3135000 | E14: NHI
A15: Cai lậy | B15: tháng 7 | C15: 15200000 | D15: =sum(C15:C20) -> 64600000
B16: tháng 8 | C16: 19000000
B17: tháng 9 | C17: 15200000 | E17: 0868762644 thiện
B18: tuần 2/10 | C18: 7600000
B19: tuần 4/10 | C19: 7600000
B20: tuần 5/10 | C20: 0 | E20: NHI
A21: TÂN AN | B21: tuần 4/10 | C21: 39070000 | D21: =sum(C21:C23) -> 276474000
B22: tuần 5/10 | C22: 237404000 | E22: 0937743386 hà nhung
E24: NHI
A25: THANH BÌNH | B25: tuần 4/9 | C25: 44469000 | D25: =sum(C25:C27) -> 162855000
B26: tuần 2/10 | C26: 30696000
B27: TUẦN 3/10 | C27: 87690000 | E27: X
E28: còn đơn khai trương
E29: NHI
A30: TÂN BÌNH | B30: tuần 5/10 | C30: 4083000 | D30: =sum(C30:C33) -> 4083000
E32: X
E34: 0368930139 tiểu tư
A35: AN LONG | B35: tuần 2/10 | C35: =31984100-21229600 -> 10754500 | D35: =sum(C35:C38) -> 87586800
B36: Tuần 3/10 | C36: =26212900-30000 -> 26182900 | E36: 0866825139 tiểu tư
B37: TUẦN 4/10 | C37: 30036000
B38: tuần 5/10 | C38: 20613400 | E38: HUYỀN
A39: HỒNG NGỰ | B39: tuần 4/6 | C39: thanh toán rồi | D39: 79664300
B40: tuần 2/10 | C40: TTR | D40: =SUM(C40:C43) -> 143493800
B41: TUẦN 3/10 | C41: TTR | E41: 02776500995 hân
B42: TUẦN 4/10 | C42: 66569800 | E42: X
B43: tuần 5/10 | C43: 76924000 | E43: HUYỀN'
A44: tân hồng | B44: tuần 3/9 | C44: =32104200-15939100 -> 16165100 | D44: =sum(C44:C50) -> 223622600
B45: tuần 4/9 | C45: 69860300
B46: tuần 1/10 | C46: 5186000 | E46: 0908086200 huỳnh nam
B47: tuần 2/10 | C47: 32008100 | E47: HUYỀN
B48: Tuần 3/10 | C48: 32355800
B49: TUẦN 4/10 | C49: 34332500
B50: tuần 5/10 | C50: 33714800
A51: TAM NÔNG | B51: tuần 2/10 | C51: TTR | D51: =sum(C51:C55) -> 30587900
B52: Tuần 3/10 | C52: TTR
B53: TUẦN 4/10 | C53: TTR
B54: tuần 5/10 | C54: 30587900 | E54: 0888151938 bích thuận
E55: HUYỀN
A56: long mỹ | B56: tháng 7 | C56: 2866000 | D56: =sum(C56:C62) -> 154529000
B57: tháng 8 | C57: 63547000
B58: tuần 1/9 | C58: 21472000
B59: tuần 3/9 | C59: 16337000 | E59: 0343576979 ngân
B60: tuần 2/10 | C60: 30683000
B61: Tuần 3/10 | C61: 1040000
B62: tuần 5/10 | C62: 18584000 | E62: HUYỀN
A63: ngã 5 - sóc trang | B63: THÁNG 8 | C63: =SUM(135101500-80000000) -> 55101500 | D63: =sum(C63:C69) -> 318780500
B64: THÁNG 9 | C64: 85138000
B65: tuần 1/10 | C65: 45697000
B66: tuần 2/10 | C66: 34063500
B67: Tuần 3/10 | C67: 28480000 | E67: 02996511238 dương
B68: TUẦN 4/10 | C68: 28895000
B69: tuần 5/10 | C69: 41405500 | E69: HUYỀN
A70: SA ĐÉC | B70: tuần 2/10 | C70: TTR | D70: =sum(C70:C73) -> 113115900
B71: Tuần 3/10 | C71: TTR | E71: 0866535657 phúc lợi
B72: TUẦN 4/10 | C72: 80323400
B73: tuần 5/10 | C73: 32792500 | E73: HUYỀN
A74: CÁI TÀU HẠ | B74: tuần 2/10 | C74: TTR | D74: =SUM(C74:C77) -> 21097500
B75: Tuần 3/10 | C75: TTR
B76: TUẦN 4/10 | C76: TTR
B77: tuần 5/10 | C77: 21097500 | E77: VY
A78: HÒA PHÚ-VĨNH LONG | B78: TUẦN 3/10 | C78: TTR | D78: =SUM(C78:C80) -> 20525000
B79: TUẦN 4/10 | C79: TTR
B80: tuần 5/10 | C80: 20525000 | E80: 02706525354 hân
E81: VY
A82: THỐT NỐT | B82: THÁNG 9 | C82: 36365000 | D82: =sum(C82:C87) -> 256467500
B83: tuần 1/10 | C83: 46547000
B84: tuần 2/10 | C84: 42576500 | E84: 0946754297 điền
B85: tuần 3/10 | C85: 42271000
B86: TUẦN 4/10 | C86: 40226500
B87: tuần 5/10 | C87: 48481500
A88: lai vung | B88: THÁNG 8 | C88: 64576000 | D88: =sum(C88:C93) -> 204086500
B89: THÁNG 9 | C89: 42751500
B90: tuần 1/10 | C90: 32804000
B91: tuần 2/10 | C91: 1390000 | E91: 0798024519 điền
B92: tuần 3/10 | C92: 47620000
B93: TUẦN 4/10 | C93: 14945000
B94: tuần 5/10 | C94: 0 | E94: VY
A95: LẤP VÒ | B95: tuần 3/10 | C95: 37692000 | D95: =sum(C95:C97) -> 76653500
B96: TUẦN 4/10 | C96: 38961500
B98: TUẦN 1 T11 | C98: 36843500
A99: đại học | B99: THÁNG 9 | C99: 95260000 | D99: =sum(C99:C104) -> 233707500
B100: tuần 1/10 | C100: 31215000
B101: tuần 2/10 | C101: 24789000 | E101: 0373130168 điền
B102: tuần 3/10 | C102: 27293500
B103: TUẦN 4/10 | C103: 33186000
B104: tuần 5/10 | C104: 21964000 | E104: VY
A105: KIẾN TƯỜNG | B105: tuần 1/10 | C105: 3250000 | D105: =sum(C105:C109) -> 161129000
...

Sheet THÁNG 11
A2: BẢNG CÔNG NỢ THÁNG 11
A3: CHI NHÁNH | C3: SỐ TIỀN | D3: CÔNG NỢ THÁNG
A4: Chợ lách | B4: TUẦN 1 T11 | C4: TTR | D4: =sum(C4:C7) -> 25077500
B5: TUẦN 2 | C5: TTR
B6: TUẦN 3/11 | C6: 20981500 | E6: 0352909819 lương quang
B7: TUẦN 4/11 | C7: 4096000 | E7: NHI
A8: Cái bè | B8: THÁNG 9 + 10 | C8: =sum(77930000-38840000) -> 39090000 | D8: =sum(C8:C12) -> 72404000
B9: TUẦN 1 T11 | C9: 5413600
B10: TUẦN 2 | C10: 10610400 | E10: 0989969719 minh thiện
B11: TUẦN 3/11 | C11: 8745000
B12: TUẦN 4/11 | C12: 8545000 | E12: NHI
A13: Cai lậy | B13: THÁNG 7 | C13: 15200000 | D13: =sum(C13:C17) -> 79800000
B14: THÁNG 8 | C14: 19000000
B15: THÁNG 9 | C15: 15200000 | E15: 0868762644 thiện
B16: THÁNG 10 | C16: 15200000
B17: THÁNG 11 | C17: 15200000
A18: Tân an | B18: TUẦN 2 | C18: TTR | D18: =sum(C20) -> 25290000 | E18: 0937743386 hà nhung
B19: TUẦN 3 | C19: TTR
B20: TUẦN 4 | C20: 25290000 | E20: NHI
A21: Thanh bình | B21: TUẦN 1 T11 | C21: TTR | D21: =sum(C21:C24) -> 63333000 | E21: đơn 118.386 tt 121.591
B22: TUẦN 2 | C22: TTR | E22: còn đơn khai trương
B23: TUẦN 3 | C23: TTR
B24: TUẦN 4 | C24: 63333000 | E24: NHI
A25: Tân bình | B25: TUẦN 1 T11 | C25: TTR | D25: =sum(C25:C28) -> 18310000
B26: TUẦN 2 | C26: 4401000
B27: TUẦN 3 | C27: 10118000
B28: TUẦN 4 | C28: 3791000
E29: 0368930139 tiểu tư
A30: An long | B30: THÁNG 10 | C30: TTR | D30: =sum(C30:C34) -> 56020000
B31: TUẦN 1 T11 | C31: TTR | E31: 0866825139 tiểu tư
B32: TUẦN 2 | C32: TTR
B33: TUẦN 3 | C33: 32163500
B34: TUẦN 4 | C34: 23856500
A35: Hồng ngự | B35: tuần 4/6 | C35: thanh toán rồi | D35: 79664300
B36: TUẦN 1 T11 | C36: TTR | D36: =SUM(C36:C39) -> 109889000
B37: TUẦN 2 | C37: TTR | E37: 02776500995 hân
B38: TUẦN 3 | C38: TTR
B39: TUẦN 4 | C39: 109889000 | E39: HUYỀN'
A40: Tân hồng | B40: THÁNG 10 | C40: =SUM(113622600-40000000) -> 73622600 | D40: =SUM(C40:C44) -> 215039000
B41: TUẦN 1/11 | C41: 31978800
B42: TUẦN 2/11 | C42: 40212100
B43: TUẦN 3/11 | C43: 40206000 | E43: 0908086200 huỳnh nam
B44: TUẦN 4/11 | C44: 29019500 | E44: HUYỀN
A45: Tam nông | B45: TUẦN 1/11 | C45: TTR | D45: =sum(C45:C48) -> 31886000
B46: TUẦN 2/11 | C46: TTR
B47: TUẦN 3/11 | C47: TTR | E47: 0888151938 bích thuận
B48: TUẦN 4/11 | C48: 31886000 | E48: HUYỀN
A49: Long mỹ | B49: THÁNG 7 | C49: 2866000 | D49: =sum(C49:C52) -> 154529000 | E49: 0343576979 ngân
B50: THÁNG 8 | C50: 63547000
B51: THÁNG 9 | C51: 37809000
B52: THÁNG 10 | C52: 50307000
B53: TUẦN 4 T11 | C53: KHAI TRƯƠNG
A55: Ngã 5 - Sóc Trăng | B55: THÁNG 10 | C55: =SUM(178541000-28541000-57695000) -> 92305000 | D55: =sum(C55:C59) -> 207800000 | E55: 02996511238 dương
B56: TUẦN 1/11 | C56: 36745500
B57: TUẦN 2/11 | C57: 20949500
B58: TUẦN 3/11 | C58: 38983000
B59: TUẦN 4/11 | C59: 18817000
A60: Sa đéc | B60: TUẦN 1/11 | C60: TTR | D60: =SUM(C60:C63) -> 81616500
B61: TUẦN 2/11 | C61: TTR | E61: 0866535657 phúc lợi
B62: TUẦN 3/11 | C62: TTR
B63: TUẦN 4/11 | C63: 81616500 | E63: HUYỀN
A64: Cái tàu hạ | B64: TUẦN 1/11 | C64: TTR | D64: =SUM(C64:C67) -> 12042500
B65: TUẦN 2/11 | C65: TTR
B66: TUẦN 3/11 | C66: TTR
B67: TUẦN 4/11 | C67: 12042500
A68: Hoà phú- Vĩnh Long | B68: TUẦN 1/11 | C68: TTR | D68: =SUM(C68:C71) -> 60542700 | E68: 02706525354 hân
B69: TUẦN 2/11 | C69: TTR
B70: TUẦN 3/11 | C70: 30758200
B71: TUẦN 4/11 | C71: 29784500
A72: Thốt nốt | B72: THÁNG 10 | C72: =SUM(220102500-46547000-42576000-42271000) -> 88708500 | D72: =SUM(C72:C76) -> 244302000 | E72: 0946754297 điền
B73: TUẦN 1/11 | C73: 29287000
B74: TUẦN 2/11 | C74: 43964000
B75: TUẦN 3/11 | C75: 43023000
B76: TUẦN 4/11 | C76: 39319500
A77: Lai vung | B77: THÁNG 10 | C77: 96759000 | D77: =sum(C77:C80) -> 163236500 | E77: 0798024519 điền
B78: TUẦN 1/11 | C78: 30845000
B79: TUẦN 2/11 | C79: 21387500
B80: TUẦN 3/11 | C80: 14245000
B81: TUẦN 4/11 | E81: VY
A82: Lấp vò | B82: TUẦN 1/11 | C82: 77719500 | D82: =SUM(C82:C85) -> 191733300
B83: TUẦN 2/11 | C83: 34415000
B84: TUẦN 3/11 | C84: 30511800
B85: TUẦN 4/11 | C85: 49087000
A86: Đại học | B86: THÁNG 10 | C86: =(55150000) -> 55150000 | D86: =sum(C86:C90) -> 179183500
B87: TUẦN 1/11 | C87: 39748000 | E87: 0373130168 điền
B88: TUẦN 2/11 | C88: 28275000
B89: TUẦN 3/11 | C89: 30014500
B90: TUẦN 4/11 | C90: 25996000
A91: Kiến tường | B91: TUẦN 1/11 | C91: 46984000 | D91: =sum(C91:C94) -> 145311000
B92: TUẦN 2/11 | C92: 35098000
B93: TUẦN 3/11 | C93: 33135000
B94: TUẦN 4/11 | C94: 30094000
A95: Phú tân | B95: TUẦN 1/11 | C95: 2600000 | D95: =sum(C95:C98) -> 45405000 | E95: 0984255034 vũ
B96: TUẦN 2/11 | C96: 37605000
B97: TUẦN 3/11 | C97: 2600000
B98: TUẦN 4/11 | C98: 2600000
A99: Chợ mới | B99: TUẦN 1/11 | C99: TTR | D99: =sum(C99:C102) -> 36842600 | E99: 0932808239 tấn đạt
B100: TUẦN 2/11 | C100: TTR
B101: TUẦN 3/11 | C101: 35784600
B102: TUẦN 4/11 | C102: 1058000
...

Sheet TRINH
A2: BẢNG CÔNG NỢ THÁNG 1
A3: CHI NHÁNH | C3: SỐ TIỀN | D3: CÔNG NỢ THÁNG
A4: VĨNH HƯNG | B4: TUẦN 1/6 | C4: TTR | D4: 27324000
B5: TUẦN 2/6 | C5: 27324000
E7: 0848606139
A9: BÌNH MINH | B9: TUẦN 1/6 | C9: 64772200 | D9: =sum(C9:C10) -> 116562700
B10: TUẦN 2/6 | C10: 51790500
E13: 0854647479
A15: THẠNH PHÚ | B15: TUẦN 2/5 | C15: TTR | D15: =sum(C16:C19) -> 128566800
B16: TUÂN 3/5 | C16: 26704000
B17: TUÂN 4/5 | C17: 41826700
B18: TUẦN 1/6 | C18: 29016600
B19: TUẦN 2/6 | C19: 31019500 | E19: 0878863939
A23: GÒ QUAO | B23: TUÂN 4/5 | C23: TTR | D23: 48827500
B24: TUẦN 2/6 | C24: 48827500
A29: TÂN CHÂU AG | B29: TUÂN 4/5 | C29: 83997200 | D29: =sum(C29:C31) -> 275917000
B30: TUẦN 1/6 | C30: 127631500
B31: TUẦN 2/6 | C31: 64288300
A37: BÌNH TÂN | B37: TUẦN 1/6 | C37: TTR | D37: 39349500
B38: TUẦN 2/6 | C38: 42631500
A43: Giồng riềng | B43: TUÂN 3/5 | C43: TTR | D43: =sum(C44:C46) -> 248375000
B44: TUÂN 4/5 | C44: 91308200
B45: TUẦN 1/6 | C45: 78582300
B46: TUẦN 2/6 | C46: 78484500
A50: TAM BÌNH | B50: TUẦN 1/6 | C50: TTR | D50: 40356500
B51: TUẦN 2/6 | C51: 40356500
E52: 0706750296
A55: CHÂU THÀNH | B55: dh ngày 25/5 | C55: 300000 | D55: =sum(C55:C57) -> 218413000
B56: TUẦN 1/6 | C56: 210723000 | E56: 0376408424
B57: TUẦN 2/6 | C57: 7390000
A60: HẬU NGHĨA
A64: CÁI NƯỚC | B64: TUẦN 4/4 | C64: 36550000 | D64: =sum(C64:C70) -> 190061600
B65: TUẦN 5/4 | C65: 0
B66: TUẦN 1/5 | C66: 23416500
B67: TUẦN 2/5 | C67: 35406600
B68: TUÂN 3/5 | C68: 39045500
B69: TUÂN 4/5 | C69: 22377000
B70: TUẦN 2/6 | C70: 33266000
A73: AN PHONG | B73: TUÂN 3/5 | C73: 4448000 | D73: =sum(C73:C75) -> 49624000 | E73: 0357838131 (Tiểu Tư)
B74: TUẦN 1/6 | C74: 40611000
B75: TUẦN 2/6 | C75: 4565000
A79: RẠCH SỎI | B79: TUẦN 1/6 | C79: 51901500 | D79: =sum(C79:C80) -> 98351000
B80: TUẦN 2/6 | C80: 46449500
A84: HÀ TIÊN | B84: TUẦN 1/6 | C84: 31022500 | D84: =sum(C84:C85) -> 56056500
B85: TUẦN 2/6 | C85: 25034000
A88: VĨNH THẠNH | B88: TUẦN 1/6 | C88: 57691300 | D88: =sum(C88:C92) -> 121837300
B89: TUẦN 2/6 | C89: 64146000
A94: MỘT NGÀN | B94: TUẦN 1/5 | C94: 22048500 | D94: =sum(C94:C99) -> 152488500
B95: TUẦN 2/5 | C95: 29230500 | E95: 0796666346(Đạt Phan)
B96: TUÂN 3/5 | C96: 21220000
B97: TUÂN 4/5 | C97: 23577500
B98: TUẦN 1/6 | C98: 32393500
B99: TUẦN 2/6 | C99: 24018500
A103: THỚI BÌNH | B103: TUẦN 3/5 | C103: 25258800 | D103: =sum(C103:C104) -> 49195700
B104: TUẦN 2/6 | C104: 23936900
A108: VĨNH BÌNH | B108: TUẦN 2/6 | C108: 20021200 | D108: 20021200
A114: TRUNG AN | B114: TUẦN 1/6 | C114: 51505900 | D114: =sum(C114:C115) -> 77966100
B115: TUẦN 2/6 | C115: 26460200 | E115: 0918515117 (Gas Muông)
A120: GÒ CÔNG | B120: TUÂN 3/5 | C120: TTR | D120: =sum(C120:C124) -> 61684500
B121: TUẦN 1/6 | C121: TTR
B122: TUẦN 2/6 | C122: 61684500 | E122: 0327576156(Hoài Nhân)
A127: MÁI DẦM | B127: TUẦN 1/6 | C127: TTR | D127: 19191000
B128: TUẦN 2/6 | C128: 19191000 | E128: 0939792611(Đạt Cỏ)
A134: Ô MÔN | B134: TUẦN 1/6 | C134: 111473900 | D134: =sum(C134:C135) -> 176757900
B135: TUẦN 2/6 | C135: 65284000
E136: 0911080900( Ô Môn)
A140: CHI LĂNG | B140: TUẦN 1/6 | C140: 48608000 | D140: =sum(C140:C141) -> 70101000
B141: TUẦN 2/6 | C141: 21493000 | E141: 0916200891(Ha Ngo)
A147: NGAN DỪA | B147: TUẦN 1/6 | C147: 25755000 | D147: =sum(C147:C148) -> 61525000
B148: TUẦN 2/6 | C148: 35770000 | E148: 0706619278(Hồng Thắm)
A151: VĨNH THUẬN | B151: ĐH TUẦN 4 T5 | C151: TTR | D151: =SUM(C151:C154) -> 46395000
B152: TUẦN 1/6 | C152: TTR | E152: 0767987939(Bích Thuận)
B153: TUẦN 2/6 | C153: 46395000
A156: NGÃ 6 | B156: ĐH TUẦN 3 T5 | C156: TTR | D156: =sum(C158:C159) -> 81570500
B157: ĐH TUẦN 4 T5 | C157: TTR
B158: TUẦN 1/6 | C158: 40175500
B159: TUẦN 2/6 | C159: 41395000
A162: ÔNG BẦU | B162: TUẦN 1/6 | C162: 121120800 | D162: =sum(C162:C163) -> 206481600 | E162: 0852246168(Xuyên Trần)
B163: TUẦN 2/6 | C163: 85360800 | E163: kiểm hàng ngày
A166: CẦN ĐĂNG | B166: ĐH TUẦN 3 T5 | C166: TTR | D166: =sum(C167:C169) -> 115607000
B167: ĐH TUẦN 4 T5 | C167: 47384000 | E167: 0867673952(Thanh Space)
B168: TUẦN 1/6 | C168: 35057000
B169: TUẦN 2/6 | C169: 33166000
A172: TẮC VÂN | B172: TUẦN 1/6 | C172: TTR | E172: 0834562995(Diệu Nguyễn)
B173: TUẦN 2/6 | C173: TTR
A176: MINH LƯƠNG | B176: TUẦN 1/6 | C176: 91235000 | D176: =sum(C176:C177) -> 156582000
B177: TUẦN 2/6 | C177: 65347000
E178: 0981505949(Hạnh Lợi)
A180: TRẦN VĂN THỜI | B180: ĐH TUẦN 1 T5 | C180: 58763500 | D180: =sum(C180:C185) -> 267770500
B181: ĐH TUẦN 2 T5 | C181: 47012000 | H181: -190000
B182: ĐH TUẦN 3 T5 | C182: 38701000 | H182: 28858
B183: ĐH TUẦN 4 T5 | C183: 32830000
B184: TUẦN 1/6 | C184: 52082500
B185: TUẦN 2/6 | C185: 38381500
A188: ÓC EO | B188: TUẦN 1/6 | C188: 34639500 | D188: =sum(C188:C189) -> 63975000 | H188: 46764
B189: TUẦN 2/6 | C189: 29335500 | E189: 818345899(Bin) | H189: 55365
H190: =SUM(H181:H189) -> -59013
A192: THẠNH HÓA | B192: ĐH TUẦN 4 T5 | C192: TTR | D192: =sum(C193:C194) -> 60179500
B193: TUẦN 1/6 | C193: 32728500 | E193: 0332446256(Tân Nguyễn)
B194: TUẦN 2/6 | C194: 27451000
...

Sheet CHUYẾN XE
B1: TỔNG KHO YAGAMI CAO LÃNH
B2: THỨ 2 | C2: THỨ 3 | D2: THỨ 4 | E2: THỨ 5 | F2: THỨ 6 | G2: THỨ 7 | H2: CHỦ NHẬT | I2: GỬI XE NGOÀI | K2: TRINH
B3: THANH BÌNH | C3: THẠNH PHÚ | D3: LONG XUYÊN | E3: THỐT NỐT | F3: CÀ MAU | G3: KHO BD (HÀNG ĐÔNG) | H3: KHO BD (SÚP) | I3: CÁI TÀU | K3: SANG
B4: AN LONG | C4: BA TRI | D4: RẠCH GIÁ | E4: LẤP VÒ | F4: PHƯỚC LONG | G4: KIẾN TƯỜNG | I4: HÒA PHÚ | K4: HUYỀN
B5: HỒNG NGỰ | C5: BÌNH ĐẠI | D5: KIÊN LƯƠNG | E5: CỜ ĐỎ | F5: NĂM CĂN | G5: THẠNH HOÁ | I5: LAI VUNG | K5: THÚY
B6: TÂN HỒNG | C6: MỎ CÀY | D6: TRI TÔN | E6: VỊ THANH | F6: GIÁ RAI | G6: ĐỨC HUỆ | I6: ĐẠI HỌC
B7: TAM NÔNG | C7: CÁI BÈ | D7: THOẠI SƠN | E7: THỚI LAI | F7: SÔNG ĐỐC | G7: TÂN THẠNH | I7: HAKIMI VL
B8: TÂN HƯNG | C8: CAI LẬY | D8: NHÀ BÀNG | E8: MỘT NGÀN | F8: ĐẦM DƠI | G8: THÁP MƯỜI | I8: XÉM NƯỚNG
B9: VĨNH HƯNG | C9: MỸ THO | D9: HÒN ĐẤT | E9: TRUNG AN | F9: THỚI BÌNH | G9: TRƯỜNG XUÂN | I9: ÔNG BẦU
B10: AN PHONG | C10: CHỢ GẠO | D10: AN CHÂU | E10: Ô MÔN | F10: NGAN DỪA | G10: PHÚ TÂN | I10: TÂN BÌNH
B11: BÌNH MINH | C11: VĨNH BÌNH | D11: TÂN HIỆP | E11: NÀNG MAU | F11: CÁI NƯỚC | G11: CHỢ MỚI | I11: TÂN THÀNH
B12: BÌNH TÂN | C12: GÒ CÔNG | D12: PHÚ HÒA | E12: PHONG ĐIỀN | F12: AN BIÊN | G12: MỸ LUÔNG | I12: PHÚ QUỐC
B13: TAM BÌNH | C13: GÒ ĐEN | D13: AN PHÚ | E13: TIÊU CẦN | F13: VĨNH THUẬN | G13: LONG MỸ | I13: CAO LÃNH
B14: VĨNH LONG | C14: CẦN ĐƯỚC | D14: CHÂU PHÚ | E14: TRÀ ÔN | F14: NGÃ 7 | G14: NGÃ 5 SÓC TRĂNG | I14: CHIBA CAO LÃNH
B15: KẾ SÁCH | C15: TÂN AN | D15: QUỐC THÁI | E15: KHO TRÀ VINH | F15: CÁI TẮC | G15: PHÚ LỘC
B16: MÁI DẦM | C16: TÂN HƯƠNG | D16: GÒ QUAO | E16: TP CẦN THƠ | F16: CHÂU THÀNH - ST | G16: HÒA BÌNH
B17: NGÃ 6 | C17: CHỢ LÁCH | D17: GIỒNG RIỀNG | F17: TRẦN VĂN THỜI | G17: BẠC LIÊU
B18: LONG PHÚ | C18: GIỒNG TRÔM | D18: RẠCH SỎI | F18: T.T THỨ 11 | G18: CHỢ VÀM
B19: VĨNH CHÂU | C19: CHÂU ĐỐC | D19: HÀ TIÊN | F19: TẮC VÂN
B20: TRẦN ĐỀ | C20: CHIBA TÂN CHÂU | D20: VĨNH THẠNH | F20: H.HỮU NGHĨA
B21: AN THẠNH | C21: TÂN CHÂU - AG | D21: CHI LĂNG | F21: PHÚ TÂM
C22: GIA THUẬN | D22: CẦN ĐĂNG | F22: CÂY DƯƠNG
D23: ÓC EO | F23: SÓC TRĂNG
D24: MINH LƯƠNG | F24: SA ĐÉC
F25: GÀNH HÀO
B35: BẢNG XE TẢI KHO BÌNH DƯƠNG
B36: THỨ 2 | C36: THỨ 3 | D36: THỨ 4 | E36: THỨ 5 | F36: THỨ 6
B37: BÀU BÀNG | C37: PHAN RANG | D37: THỐNG NHẤT | E37: NGÃI GIAO | F37: CỦ CHI
B38: CHƠN THÀNH | C38: PHAN THIẾT | D38: ĐỊNH QUÁN | E38: PHÚ MỸ | F38: TRẢNG BÀNG
B39: BÌNH LONG | C39: LAGI | D39: TRẢNG BOM | E39: ĐẠI PHƯỚC | F39: GÒ DẦU
B40: LỘC NINH | C40: XUYÊN MỘC | D40: ĐỨC TRỌNG | E40: LONG THÀNH | F40: PHƯỚC ĐÔNG
B41: PHƯỚC LONG | C41: LONG HẢI | D41: HẬU NGHĨA | E41: TAM PHƯỚC | F41: HÒA THÀNH
B42: ĐỒNG XOÀI | C42: VŨNG TÀU | D42: MỸ HẠNH NAM | E42: AN TÂY | F42: TÂY NINH
B43: DODO | C43: BÀ RỊA | D43: ĐỨC HÒA | E43: MỸ PHƯỚC 1 | F43: DƯƠNG MINH CHÂU
B44: HỘI NGHĨA | D44: BẾN LỨC | E44: TÂN UYÊN | F44: TÂN CHÂU
B45: VĨNH TÂN | D45: QUẬN 12 | E45: THUẬN GIAO | F45: MONO
B46: PHÚ CHÁNH | E46: THỦ DẦU 1
B47: AN TÂY | E47: BÀU BÀNG
B48: MỸ PHƯỚC 1 | E48: PHÚ CHÁNH
B49: TÂN UYÊN | E49: HỘI NGHĨA
B50: THUẬN GIAO
B51: THỦ DẦU 1

Sheet THÁNG 1 -2026
A2: BẢNG CÔNG NỢ THÁNG 1
A3: CHI NHÁNH | C3: SỐ TIỀN | D3: CÔNG NỢ THÁNG
A4: Kiến tường | B4: TUẦN 1 | C4: ttr | D4: =sum(C4:C8) -> 42991000
B5: TUẦN 2 | C5: ttr
B6: TUẦN 3 | C6: ttr
B7: TUẦN 4 | C7: ttr
B8: TUẦN 5 | C8: 42991000
A9: Phú tân | B9: TUẦN 1 | D9: =sum(C9:C12) -> 29481000 | E9: 0984255034 vũ
B10: TUẦN 2 | C10: =SUM(33946000-7165000) -> 26781000
B11: TUẦN 3
B12: TUẦN 4 | C12: 2700000
A13: Chợ mới | B13: TUẦN 1 | C13: TTR | D13: =sum(C13:C16) -> 83320000 | E13: 0932808239 tấn đạt
B14: TUẦN 2 | C14: TTR
B15: TUẦN 3 | C15: TTR
B16: TUẦN 4 | C16: 83320000
A17: Mỹ luông | B17: T12 | C17: TTR | D17: =sum(C17:C22) -> 9194000
B18: TUẦN 1
B19: TUẦN 2 | C19: TTR
B20: TUẦN 3 | C20: TTR
B21: TUẦN 4 | C21: TTR
B22: TUẦN 5 | C22: 9194000 | E22: 04916040949 diệu hiền
A23: Long xuyên | B23: KHÔ TẾT | C23: 29700000 | D23: =sum(C23:C29) -> 113025000
B24: ĐÔNG TẾT
B25: T12 | C25: 60000000
B26: TUẦN 1 | C26: 0
B27: TUẦN 2 | C27: 0
B28: TUẦN 3 | C28: 0
B29: TUẦN 4 | C29: 23325000
A30: Ngã 7 | B30: THÁNG 10 | C30: 40000000 | D30: =sum(C30:C34) -> 110225000 | E30: 0977727797 duyên
B31: ĐH 19/12 | C31: 20620000
B32: ĐH 2/1 | C32: 16351000
B33: ĐH 16/1(TRỪ 22TH GIẤY) | C33: =SUM(16140000- 66000) -> 16074000
B34: DH 30/1 | C34: 17180000
A35: Châu đốc | B35: KHÔ TẾT | C35: 151330000 | D35: =sum(C35:C41) -> 371766500
B36: ĐÔNG TẾT
B37: TUẦN 1
B38: TUẦN 2 | C38: 92528000 | E38: 0777846226 lộc
B39: TUẦN 3 | C39: 44406500
B40: TUẦN 4 | C40: 42541000
B41: TUẦN 5 | C41: 40961000
A42: Cà mau | B42: TUẦN 1 | C42: TTR | D42: =SUM(C42:C46) -> 32454000 | E42: 0338886786 trinh
B43: TUẦN 2 | C43: TTR
B44: TUẦN 3 | C44: TTR
B45: TUẦN 4 | C45: TTR
B46: TUẦN 5 | C46: 32454000
A47: Rạch giá | B47: KHÔ TẾT | C47: 241225000 | D47: =SUM(C47:C53) -> 307686000
B48: ĐÔNG TẾT
B49: TUẦN 1 | C49: TTR | E49: 0968818142 ngân
B50: TUẦN 2 | C50: TTR
B51: TUẦN 3 | C51: TTR
B52: TUẦN 4 | C52: TTR
B53: TUẦN 5 | C53: 66461000
A54: HAKIMI VĨNH LONG | B54: THÁNG 5 | C54: ttr | D54: =sum(C54:C58) -> 65688000
B55: TUẦN 1 | C55: =40946000-30000 -> 40916000
B56: TUẦN 2 | C56: 24772000
B57: TUẦN 3 | E57: 0353693879 dương
B58: TUẦN 4
E59: VY
A64: CỜ ĐỎ | B64: THÁNG 5 | C64: =54607800-34607000 -> 20000800 | D64: =sum(C64:C68) -> 94256300 | E64: VY
B65: TUẦN 1 | C65: 31726000
B66: TUẦN 2 | C66: 42529500 | E66: 0368858158 tiểu tư
B67: TUẦN 3 | E67: 168960500
B68: TUẦN 4
A69: TRÀ ÔN | B69: TUẦN 1 | C69: TTR | D69: =SUM(C69:C72) -> 36746500 | E69: VY
B70: TUẦN 2 | C70: 36746500 | E70: 02706291992 giang
B71: TUẦN 3
B72: TUẦN 4
A73: MỸ THO | B73: TUẦN 1 | C73: 58699500 | D73: =sum(C73:C76) -> 122372500 | E73: VY
B74: TUẦN 2 | C74: 63673000 | E74: 02736585818 thuat
B75: TUẦN 3 | E75: =59765000+69945500 -> 129710500
B76: TUẦN 4
A78: VỊ THANH | B78: THÁNG 5 | C78: 120513600 | D78: =sum(C78:C82) -> 208094000
B79: TUẦN 1 | C79: 44981400 | E79: 862819963 NGÂN
B80: TUẦN 2 | C80: 42599000
B81: TUẦN 3 | E81: 213043500
B82: TUẦN 4
E83: VY
A85: BA TRI | B85: THÁNG 5 | C85: ttr | D85: =sum(C85:C89) -> 43385500
B86: TUẦN 1 | C86: ttr | E86: 0356997159(Huỳnh Như)
B87: TUẦN 2 | C87: 43385500 | E87: 21436200
B88: TUẦN 3
B89: TUẦN 4 | E89: VY
A91: BÌNH ĐẠI | B91: THÁNG 5 | C91: ttr | D91: =sum(C91:C95) -> 103793500
B92: TUẦN 1 | C92: 58762500 | E92: 0788726878(Kim Anh)
B93: TUẦN 2 | C93: 45031000
B94: TUẦN 3 | E94: VY
B95: TUẦN 4
A96: KIÊN LƯƠNG | B96: TUẦN 1 | C96: 39409000 | D96: =sum(C96:C98) -> 80672000
B97: TUẦN 2 | C97: 41263000 | E97: 0933871740(Bằng Nguyễn)
B98: TUẦN 3 | E98: VY
B99: TUẦN 4
A101: MỎ CÀY NAM | B101: TUẦN 1 | C101: 42025000 | D101: =sum(C101:C106) -> 81995000
B102: TUẦN 2 | C102: 39970000
B103: TUẦN 3 | E103: VY
B104: TUẦN 4 | E104: 0924238538(Hoàng Bi)
B105: TUẦN 5
H106: =400805000+1000000 -> 401805000
A107: KHO TRÀ VINH | B107: ĐH 7/5 | C107: ttr | E107: 02946278888(Văn Dũng)
B108: ĐH 14/5 | C108: 181906500
B109: ĐH 21/5 | C109: 178800400
...

Sheet THÁNG 2 (PHƯỢNG)
A2: BẢNG CÔNG NỢ THÁNG 4
A3: CHI NHÁNH | C3: SỐ TIỀN | D3: CÔNG NỢ THÁNG
A4: TT THỨ 11 | B4: THÁNG 5 | C4: 93228500 | D4: =SUM(C4:C7) -> 199660000
B5: ĐH TUẦN 1 T6 | C5: 56454500 | E5: =63*3000+70000 -> 259000
B6: ĐH TUẦN 2 T6 | C6: 49977000
A8: TP CẦN THƠ | B8: ĐH TUẦN 1 T6 | C8: R | D8: =SUM(C8:C11) -> 151498000
B9: ĐH TUẦN 2 T6 | C9: 151498000
A12: AN THẠNH | B12: ĐH TUẦN 1 T6 | C12: R | D12: =SUM(C12:C15) -> 45587800
B13: ĐH TUẦN 2 T6 | C13: 45587800
A16: PHÚ TÂM | B16: ĐH TUẦN 4 T5 | C16: R | D16: =SUM(C16:C19) -> 29530000
B17: ĐH TUẦN 1 T6 | C17: R
B18: ĐH TUẦN 2 T6 | C18: 29530000
A20: PHÚ LỘC | B20: ĐH TUẦN 1 T5 | C20: 153867400 | D20: =SUM(C20:C23) -> 229363900
B21: ĐH TUẦN 1 T6 | C21: 42946500
B22: ĐH TUẦN 2 T6 | C22: 32550000
A24: TRƯỜNG XUÂN | B24: ĐH TUẦN 1 T6 | C24: 52999500 | D24: =SUM(C24:C27) -> 79564500
B25: ĐH TUẦN 2 T6 | C25: 26565000
A28: CHỢ VÀM | B28: ĐH TUẦN 2 T6 | C28: 36695500 | D28: =SUM(C28:C31) -> 36695500
A32: GIỒNG TRÔM | B32: ĐH TUẦN 4 T5 | C32: R | D32: =SUM(C32:C35) -> 42275500
B33: ĐH TUẦN 1 T6 | C33: R
B34: ĐH TUẦN 2 T6 | C34: 42275500
A36: QUÁN LẨU A LONG | B36: ĐH THÁNG 5 | C36: 163753100 | D36: =SUM(C36:C39) -> 192994800
B37: ĐH TUẦN 1 T6 | C37: 29241700
A40: CHIBA TÂN CHÂU | B40: ĐH TUẦN 1 T6 | C40: 90372800 | D40: =SUM(C40:C43) -> 158987300
B41: ĐH TUẦN 2 T6 | C41: 68614500
A44: CÂY DƯƠNG | B44: ĐH TUẦN 4 T5 | C44: 32368000 | D44: =SUM(C44:C47) -> 120172500
B45: ĐH TUẦN 1 T6 | C45: 44384000
B46: ĐH TUẦN 2 T6 | C46: 43420500
A48: GIA THUẬN | D48: =SUM(C48:C51) -> 0
A55: ĐƠN HÀNG KHAI TRƯƠNG
A56: ĐƠN KHAI TRƯƠNG PHƯỚC ĐÔNG | B56: ĐƠN KHAI TRƯƠNG | C56: 564712000
B57: Thanh toán 17/1 | C57: -150000000
C58: -414712000
B61: ĐƠN HÀNG CÒN LẠI | C61: =Sum(C56:C60) -> 0
A62: ĐƠN KHAI TRƯƠNG MINH LƯƠNG | B62: ĐƠN KHAI TRƯƠNG | C62: 1539090000
B63: Thanh toán | C63: -1539090000
B64: ĐƠN HÀNG CÒN LẠI | C64: =Sum(C62:C63) -> 0
A65: ĐƠN KHAI TRƯƠNG PHÚ CHÁNH | B65: ĐƠN KHAI TRƯƠNG | C65: 807705000
B66: Thanh toán 31/10 | C66: -300000000
B67: Thanh toán 31/10 | C67: -200000000
B68: Thanh toán 22/11 | C68: -200000000
B69: Trừ tiền lãng hoa Công ty | C69: -1000000
B70: THANH TOÁN | C70: -106705000
B71: ĐƠN HÀNG CÒN LẠI | C71: =Sum(C65:C70) -> 0
A72: ĐƠN KHAI TRƯƠNG TRẦN VĂN THỜI | B72: ĐƠN KHAI TRƯƠNG | C72: 1076599000
B73: Hổ trợ tiền múa lân | C73: -3500000
B74: Thanh toán lãng hoa | C74: -4400000
B75: Tiền lương nv hổ trợ | C75: 4969000
B76: TT 23/1 | C76: -1073668000
B79: ĐƠN HÀNG CÒN LẠI | C79: =Sum(C72:C78) -> 0
A80: ĐƠN KHAI TRƯƠNG ÓC EO | B80: ĐƠN KHAI TRƯƠNG | C80: 532006000
B81: Thanh toán 9/10 | C81: -400000000
B82: Thanh toán 24/11 | C82: -132000000
B84: ĐƠN HÀNG CÒN LẠI | C84: =Sum(C80:C83) -> 6000
A85: ĐƠN KHAI TRƯƠNG THẠNH HÓA | B85: ĐƠN KHAI TRƯƠNG | C85: 758038000
B86: Thanh toán 28/10 | C86: -500000000
B87: Thanh toán 02/11 | C87: -258038000
B89: ĐƠN HÀNG CÒN LẠI | C89: =Sum(C85:C88) -> 0
A90: ĐƠN KHAI TRƯƠNG TÂN HƯƠNG | B90: ĐƠN KHAI TRƯƠNG | C90: 919360000
B91: Lương hổ trợ 4 ngày (nv Tân Châu) | C91: -6000000
B92: Tiền ăn nv hổ trợ | C92: -1000000
B93: Tiền ks nv hổ trợ | C93: -2300000
B94: Lãng hoa chi nhánh | C94: -6000000
B95: Hổ trợ 50% múa lân | C95: -3000000
B96: Tiền lương nv hổ trợ | C96: 6866000
B97: 20% Anh Ân | C97: =2477497000*-20% -> -495499400
B98: THANH TOÁN 12/12 | C98: -412428000
B99: ĐƠN HÀNG CÒN LẠI | C99: =Sum(C90:C98) -> -1400
A100: ĐƠN KHAI TRƯƠNG ĐẠI PHƯỚC | B100: ĐƠN KHAI TRƯƠNG | C100: 1467707000
B101: Thanh tóan | C101: -1467707000
B102: ĐƠN HÀNG CÒN LẠI | C102: =Sum(C100:C101) -> 0
A103: ĐƠN KHAI TRƯƠNG PHƯỚC LONG | B103: ĐƠN KHAI TRƯƠNG | C103: 562521000
B104: Trừ 4 lồng đèn vàng cong | C104: =-4*700000 -> -2800000
B105: Lãng hoa | C105: -2000000
B106: Đơn đồ bếp | C106: =-5440000+3570000 -> -1870000
B107: Thanh toán 4/11 | C107: -300000000
B108: Thanh toán 15/12 | C108: -150000000
B109: Thanh toán 2/1 | C109: -105851000
B110: ĐƠN HÀNG CÒN LẠI | C110: =Sum(C103:C109) -> 0
A111: ĐƠN KHAI TRƯƠNG NGÃ 5 TÂN THÀNH | B111: ĐƠN KHAI TRƯƠNG | C111: 463592200
B112: TT 20/1 | C112: -463592200
B115: ĐƠN HÀNG CÒN LẠI | C115: =Sum(C111:C114) -> 0
A116: ĐƠN KHAI TRƯƠNG KẾ SÁCH | B116: ĐƠN KHAI TRƯƠNG | C116: 772088000
B117: Thanh toán 26/9 | C117: -100000000
B118: Thanh toán 27/9 | C118: -100000000
B119: Thanh toán 6/10 | C119: -100000000
B120: Thanh toán 6/10 | C120: -50000000
B121: Thanh toán 3/11 | C121: -100000000
B122: Thanh toán 16/11 | C122: -122088000
B123: Thanh toán 2/12 | C123: -130000000
B124: Thanh toán 2/12 | C124: -70000000
B125: ĐƠN HÀNG CÒN LẠI | C125: =Sum(C116:C124) -> 0
A126: ĐƠN KHAI TRƯƠNG TÂN AN | B126: ĐƠN KHAI TRƯƠNG | C126: 419695000
B127: Trừ đơn QC FB | C127: -1100000
B128: Trừ chênh lệch hộp khăn giấy | C128: -180000
B129: 30tr tiền cọc, 3 lẵng hoa | C129: -33000000
B130: THANH TOÁN 12/1 | C130: -385415000
B131: ĐƠN HÀNG CÒN LẠI | C131: =Sum(C126:C130) -> 0
A132: ĐƠN KHAI TRƯƠNG THANH BÌNH | B132: ĐƠN KHAI TRƯƠNG | C132: 844838000
B133: Vật tư xây dựng | C133: 83552600
...

Sheet Ngọc Sang
A2: BẢNG CÔNG NỢ THÁNG 1
A3: CHI NHÁNH | C3: SỐ TIỀN | D3: CÔNG NỢ THÁNG
A4: Chợ lách | B4: T5 | C4: ttr | D4: =sum(C4:C8) -> 32994000 | E4: 0352909819 lương quang
B5: TUẦN 1 | C5: ttr
B6: TUẦN 2 | C6: 32994000
B7: TUẦN 3
B8: TUẦN 4
A9: Cái bè | B9: THÁNG 5 | C9: 105359400 | D9: =sum(C9:C14) -> 160294100 | E9: 0989969719 minh thiện
B10: THÁNG 4 | C10: ttr
B11: TUẦN 1 | C11: 29939000
B12: TUẦN 2 | C12: 24995700
B13: TUẦN 3
B14: TUẦN 4
A15: Cai lậy | B15: THÁNG 2 | C15: 7600000 | D15: =sum(C15:C22) -> 63200000 | E15: 0868762644 thiện
B16: THÁNG 3 | C16: 16600000
B17: THÁNG 4 | C17: 15600000
B18: THÁNG 5 | C18: 15600000
B19: TUẦN 1 | C19: 0
B20: TUẦN 2 | C20: 7800000
B21: TUẦN 3
B22: TUẦN 4
A23: Tân an | B23: THÁNG 5 | C23: ttr | D23: =SUM(C23:C27) -> 23165000 | E23: 0937743386 hà nhung
B24: TUẦN 1 | C24: ttr
B25: TUẦN 2 | C25: 23165000
B26: TUẦN 3
B27: TUẦN 4
A28: Thanh bình | B28: TUẦN 1 | C28: TTR | D28: =sum(C28:C32) -> 55600000
B29: TUẦN 2 | C29: 55600000
B30: TUẦN 3 | C30: TTR
B31: TUẦN 4 | C31: TTR
B32: TUẦN 5
A33: Tân bình | B33: THÁNG 4 | C33: TTR | D33: =sum(C33:C37) -> 33970500
B34: TUẦN 1 | C34: 31600500 | E34: 0368930139 tiểu tư
B35: TUẦN 2 | C35: 2370000
B36: TUẦN 3
B37: TUẦN 4
A38: An long | B38: THÁNG 5 | C38: 10000000 | D38: =sum(C38:C42) -> 56636700
B39: TUẦN 1 | C39: 26136700 | E39: 0866825139 tiểu tư
B40: TUẦN 2 | C40: 20500000
B41: TUẦN 3
B42: TUẦN 4
A43: Hồng ngự | B43: TUẦN 1 | C43: TTR | D43: =SUM(C43:C46) -> 91696900 | E43: 02776500995 hân
B44: TUẦN 2 | C44: 91696900
B45: TUẦN 3 | C45: TTR
B46: TUẦN 4 | C46: TTR
A47: Tân hồng | B47: THÁNG 5 | C47: =sum(187682100 - 37769100) -> 149913000 | D47: =SUM(C47:C52) -> 229518000 | E47: 0908086200 huỳnh nam
B48: THÁNG 4 | C48: ttr
B49: TUẦN 1 | C49: 41058000
B50: TUẦN 2 | C50: 38547000
B51: TUẦN 3
B52: TUẦN 4
A53: Tam nông | B53: TUẦN 1 | C53: ttr | D53: =sum(C53:C56) -> 30047200 | E53: 0888151938 bích thuận
B54: TUẦN 2 | C54: 30047200
B55: TUẦN 3 | C55: ttr
B56: TUẦN 4 | C56: ttr
A57: Long mỹ | B57: THÁNG 5 | C57: ttr | D57: =sum(C57:C61) -> 28779500 | E57: 0343576979 ngân
B58: TUẦN 1 | C58: TTR
B59: TUẦN 2 | C59: 28779500
B60: TUẦN 3
B61: TUẦN 4
A62: Ngã 5 - ST | B62: THÁNG 5 | C62: =sum(238114000 - 20000000) -> 218114000 | D62: =sum(C62:C66) -> 316551000 | E62: 02996511238 dương
B63: TUẦN 1 | C63: 51054000
B64: TUẦN 2 | C64: 47383000
B65: TUẦN 3
B66: TUẦN 4
A67: Sa Đéc | B67: TUẦN 1 | C67: 147376500 | D67: =sum(C67:C71) -> 208054000 | E67: 0866535657 phúc lợi
B68: TUẦN 2 | C68: 60677500
B69: TUẦN 3
B70: TUẦN 4
B71: TUẦN 5
B72: TT TIỀN BẢNG HIỆU, CỬA KÍNH 25/2 | D72: TTR
A73: Cái Tàu Hạ | B73: TUẦN 1 | C73: TTR | D73: =sum(C73:C76) -> 0
B74: TUẦN 2 | C74: TTR
B75: TUẦN 3 | C75: TTR
B76: TUẦN 5 | C76: TTR
A77: Hòa Phú - VL | B77: TUẦN 1 | C77: TTR | D77: =sum(C77:C80) -> 21318000 | E77: 02706525354 hân
B78: TUẦN 2 | C78: 21318000
B79: TUẦN 3 | C79: TTR
B80: TUẦN 5 | C80: ttr
A81: Thốt Nốt | D81: =SUM(C82:C87) -> 306144500 | E81: 0946754297 điền
B82: THÁNG 5 | C82: 186610500
B83: T4 | C83: 37036000
B84: TUẦN 1 | C84: 54227500
B85: TUẦN 2 | C85: 28270500
B86: TUẦN 3
B87: TUẦN 4
A88: Lai Vung | B88: T4 | C88: =SUM(77716500 - 29992000 - 3450000 ) -> 44274500 | D88: =sum(C88:C93) -> 208762000
B89: T5 | C89: 107761500
B90: TUẦN 1 | C90: 0
B91: TUẦN 2 | C91: 56726000
B92: TUẦN 3
B93: TUẦN 4
A94: Lấp Vò | B94: T5 | C94: TTR | D94: =SUM(C94:C98) -> 76104300
B95: TUẦN 1 | C95: 35701800
B96: TUẦN 2 | C96: 40402500
B97: TUẦN 3
B98: TUẦN 4
A99: Đại học | B99: T4 | C99: =SUM(95855000 - 16253000 - 28471000) -> 51131000 | D99: =sum(C99:C105) -> 214033500 | E99: 0373130168 điền
B100: T5 | C100: 110047000
B101: TUẦN 1 | C101: 30117000
...

Sheet THÁNG 6 -2026 (HÍ NÈ)
A2: BẢNG CÔNG NỢ THÁNG 6
A3: CHI NHÁNH | C3: SỐ TIỀN | D3: CÔNG NỢ THÁNG
A4: TIỂU CẦN | B4: TUẦN 4/5 | C4: TTR | D4: =SUM(C4:C7) -> 67926000
B5: TUẦN 1/6 | C5: TTR
B6: TUẦN 2/6 | C6: 67926000 | E6: THÚY
E7: 0898507736
A8: GÀNH HÀO | B8: TUẦN 1/5 | C8: TTR | D8: =SUM(C8:C13) -> 58817500
B9: TUẦN 2/5 | C9: TTR
B10: TUẦN 3/5 | C10: TTR
B11: TUẦN 4/5 | C11: TTR
B12: TUẦN 1/6 | C12: 22880000 | E12: THÚY
B13: TUẦN 2/6 | C13: 35937500
A14: HÒA BÌNH | B14: TUẦN 1/6 | C14: TTR | D14: =SUM(C14:C18) -> 43138000
B15: TUẦN 2/6 | C15: 43138000
E16: THÚY
A19: AN CHÂU | B19: TUẦN 2/5 | C19: TTR | D19: =SUM(C19:C24) -> 143858500
B20: TUẦN 3/5 | C20: TTR
B21: TUẦN 4/5 | C21: TTR
B22: TUẦN 1/6 | C22: 68732500 | E22: THÚY
B23: TUẦN 2/6 | C23: 75126000
E24: 0767999279
A25: TÂN HIỆP | B25: TUẦN 4/5 | C25: TTR | D25: =SUM(C25:C29) -> 39634500
B26: TUẦN 1/6 | C26: TTR
B27: TUẦN 2/6 | C27: 39634500
E28: THÚY
E29: 0798 002 686 thuận
A30: NÀNG MAU | B30: THÁNG 1 | C30: =66696500-30000000 -> 36696500 | D30: =sum(C30:C35) -> 68114500
B31: TUẦN 3/5 | C31: TTR
B32: TUẦN 4/5 | C32: TTR
B33: TUẦN 1/6 | C33: 31418000
E35: THÚY
A36: CHỢ GẠO | B36: TUẦN 2/5 | C36: TTR | D36: =SUM(C36:C41) -> 33552500
B37: TUẦN 4/5 | C37: TTR | E37: trả mỗi tuần, k cần xuất công nợ
B38: TUẦN 1/6 | C38: 33552500
E40: 070.4888.980 nhân
E41: THÚY
A42: ĐẦM DƠI | B42: TUẦN 4/4 | C42: TTR | D42: =sum(C42:C47) -> 70631000
B43: TUẦN 1/5 | C43: TTR
B44: TUÀN 3/5 | C44: TTR
B45: TUẦN 4/5 | C45: 19054600
B46: TUẦN 1/6 | C46: 26725000
B47: TUẦN 2/6 | C47: 24851400 | E47: THÚY
A48: PHÚ HÒA | B48: TUẦN 2/5 | C48: TTR | D48: =SUM(C48:C53) -> 50106600
B49: TUẦN 3/5 | C49: TTR
B50: TUẦN 4/5 | C50: TTR
B51: TUẦN 1/6 | C51: TTR
B52: TUẦN 2/6 | C52: 50106600
A54: SÓC TRĂNG | B54: TUẦN 1/6 | C54: =33582500-650000 -> 32932500 | D54: =SUM(C54:C60) -> 95683000
B55: TUẦN 2/6 | C55: 62750500
A61: TRẦN ĐỀ | B61: TUẦN 4/5 | C61: 48849000 | D61: =SUM(C61:C66) -> 87759100
B62: TUẦN 1/6 | C62: 1351100
B63: TUẦN 2/6 | C63: 37559000 | E63: 0902395715
A67: PHONG ĐIỀN | B67: TUẦN 4/4 | C67: TTR | D67: =SUM(C67:C73) -> 113674200 | E67: CẨM
B68: TUẦN 1/5 | C68: TTR
B69: TUẦN 2/5 | C69: TTR | E69: 0868.504.104
B70: TUẦN 3/5 | C70: TTR
B71: TUẦN 4/5 | C71: =53695700-23695000 -> 30000700
B72: TUẦN 1/6 | C72: 33912000
B73: TUẦN 2/6 | C73: =51347500-1150000-436000 -> 49761500
A74: PHÚ QUỐC | B74: TUẦN 4/4 | C74: TTR | D74: =SUM(C74:C77) -> 159689000
B75: TUẦN 1/5 | C75: TTR
B76: THÁNG 6 | C76: =158839000+650000+200000 -> 159689000
E77: 0369057951
A78: TÂN HƯNG | B78: TUẦN 2/4 | C78: TTR | D78: =SUM(C78:C85) -> 97804700
B79: TUẦN 3/4 | C79: 12835700 | E79: 32835700 | H79: =E79-20000000 -> 12835700
B80: TUẦN 4/4 | C80: 10705000
B81: TUẦN 2/5 | C81: 19527000
B82: TUẦN 4/5 | C82: 22160000
B83: TUẦN 1/6 | C83: 13122000
B84: TUẦN 2/6 | C84: 19455000
A86: AN PHÚ | B86: TUẦN 3/5 | C86: TTR | D86: =SUM(C86:C93) -> 151236200
B87: TUẦN 4/5 | C87: 80363000
B88: TUẦN 1/6 | C88: 37684500
B89: TUẦN 2/6 | C89: =33245700-57000 -> 33188700 | H89: An phú gửi về 19 thùng giaya | I89: =19*3000 -> 57000
A94: TP. VĨNH LONG | B94: TUẦN 3/5 | C94: TTR | D94: =SUM(C94:C99) -> 140243500
B95: TUẦN 4/5 | C95: TTR
B96: TUẦN 1/6 | C96: TTR
B97: TUẦN 2/6 | C97: 140243500
A100: CẦN ĐƯỚC | B100: TUẦN 4/5 | C100: TTR | D100: =SUM(C100:C106) -> 111181500 | E100: =94223500+67205800 -> 161429300
B101: TUẦN 1/6 | C101: =54070000-1020000 -> 53050000
B102: TUẦN 2/6 | C102: 58131500
A107: CHÂU PHÚ | B107: TUẦN 5/4 | C107: 22765000 | D107: =SUM(C107:C116) -> 185143500
B108: TUẦN 1/5 | C108: =26745000-4400000 -> 22345000
B109: TUẦN 2/5 | C109: 25535000
B110: TUẦN 3/5 | C110: 31845000
B111: TUẦN 4/5 | C111: 31476000
B112: TUẦN 1/6 | C112: 18735000 | E112: 0347198149
B113: TUẦN 2/6 | C113: =32562500-120000 -> 32442500
A117: QUỐC THÁI | B117: TUẦN 1/6 | C117: 35519500 | D117: =SUM(C117:C124) -> 63221500
B118: TUẦN 2/6 | C118: 27702000
A125: VĨNH HƯNG | B125: TUẦN 4/12 | C125: 27140000 | D125: =SUM(C125:C126) -> 63160000
B126: TUẦN 5/12 | C126: 36020000
E128: 0848606139
A131: BÌNH MINH | B131: TUẦN 1/11 | C131: TTR | D131: =SUM(C131:C139) -> 277216000
B132: TUẦN 2/11 | C132: TTR
B133: TUẦN 3/11 | C133: TTR
B134: TUẦN 4/11 | C134: TTR
B135: TUẦN 1/12 | C135: 41324000 | E135: 0854647479
B136: TUẦN 2/12 | C136: 46840000
B137: TUẦN 3/12 | C137: 68104000
...

Sheet DANH SÁCH CHI NHÁNH MƯỢN TỦ MÁT
B3: DS CHI NHÁNH MƯỢN TỦ MÁT
B4: STT | C4: TÊN CHI NHÁNH | D4: NGÀY MƯỢN | E4: NGÀY TRẢ
B5: 1 | C5: CHÂU PHÚ | D5: 45665 | F5: mua
B6: 2 | C6: THÁP MƯỜI | D6: 45669 | E6: 45710 | F6: trả về
B7: 3 | C7: sóc trăng | D7: 45670 | E7: Mua
B8: 4 | C8: MỸ THO | D8: 45671 | E8: mua | H8: =1200/30 -> 40
B9: 5 | C9: tân châu | D9: 45672 | E9: 45721 | H9: =40*10 -> 400
B10: 6 | C10: Thốt Nốt | D10: 45675 | H10: =1200+400 -> 1600 | J10: 33 QUẢN LÝ XÁM
B11: 7 | C11: Sông Đốc | D11: 45675 | E11: 45710 | F11: trả về | J11: 30 ÁO VÀNG TAY TRẮNG
B12: 8 | C12: Lai Vung | D12: 45677 | E12: 45725 | F12: trả về | J12: 36 ĐEN VIỀN ĐỎ
B13: 9 | C13: Vũng Tàu | D13: 45677 | E13: 45727 | F13: trả về | J13: 222 ĐEN VIỀN VÀNG
B14: 10 | C14: Rạch giá | D14: 45678 | F14: trả về | J14: 30 ÁO ĐỎ TAY TRẮNG
B15: 11
B16: 12
B17: 13
B18: 14
B19: 15
B23: CHI NHÁNH | C23: bao lì xì
B24: BẾN TRE
B25: CÁI BÈ
B26: CAI LẬY
B27: TÂN AN
B28: THỦ ĐỨC
B29: THANH BÌNH
B30: TÂN BÌNH | C30: Đã giao
B31: AN LONG
B32: BÚN ĐẬU
B33: HỒNG NGỰ
B34: TÂN HỒNG
B35: TAM NÔNG
B36: LONG MỸ
B37: NGÃ 5 - SÓC TRĂNG
B38: SA ĐÉC
B39: LONG XUYÊN
B40: CÁI TÀU HẠ | C40: đã giao
B41: LẤP VÒ
B42: ĐẠI HỌC
B43: TRÀ ÔN
B44: MỸ THO
B45: VỊ THANH
B46: BA TRI
B47: HAKIMI CAO LÃNH | C47: đã giao
B48: BÌNH ĐẠI
B49: BÀ RỊA
B50: KHO TRÀ VINH
B51: AN BIÊN
B52: THỚI LAI
B53: TP.TÂY NINH
B54: GÒ ĐEN
B55: VĨNH CHÂU
B56: NĂM CĂN
B57: CÁI TẮC
B58: THOẠI SƠN
B59: GIÁ RAI
... B105: RẠCH SỎI
B106: TRI TÔN | C106: ĐÃ GIAO
B107: PHƯỚC LONG | C107: ĐÃ GIAO
